CREATE
DATABASE motorph;

USE motorph;

CREATE TABLE Employee
(
    employeeNumber       INT AUTO_INCREMENT PRIMARY KEY,
    lastName             VARCHAR(255),
    firstName            VARCHAR(255),
    birthday             DATE,
    address              VARCHAR(255),
    phoneNumber          VARCHAR(15),
    sssNumber            VARCHAR(20),
    philhealthNumber     VARCHAR(20),
    tinNumber            VARCHAR(20),
    pagIbigNumber        VARCHAR(20),
    status               VARCHAR(50),
    position             VARCHAR(100),
    immediateSupervisor  VARCHAR(255),
    basicSalary          DECIMAL(10, 2),
    riceSubsidy          DECIMAL(10, 2),
    phoneAllowance       DECIMAL(10, 2),
    clothingAllowance    DECIMAL(10, 2),
    grossSemiMonthlyRate DECIMAL(10, 2),
    hourlyRate           DECIMAL(10, 2)
);

-- Start employee number to 10_001
CREATE TABLE User (
                      user_id INT AUTO_INCREMENT PRIMARY KEY,
                      username VARCHAR(255) NOT NULL,
                      password VARCHAR(255) NOT NULL,
                      email VARCHAR(255) NOT NULL,
                      role ENUM('Employee', 'Customer') NOT NULL,
                      first_name VARCHAR(255),
                      last_name VARCHAR(255),
                      date_of_birth DATE,
                      address VARCHAR(255),
                      phone_number VARCHAR(15),
                      employee_id INT,  -- Employee-specific field
                      customer_id INT   -- Customer-specific field
);
ALTER TABLE Employee AUTO_INCREMENT = 10001;

-- Sample

CREATE TABLE Attendance
(
    id             INT AUTO_INCREMENT PRIMARY KEY,
    employeeNumber INT,
    lastName       VARCHAR(255),
    firstName      VARCHAR(255),
    date           DATE,
    timeIn         TIME,
    timeOut        TIME
);

CREATE TABLE `Leave`
(
    leave_id          INT AUTO_INCREMENT,
    firstName   VARCHAR(255),
    lastName    VARCHAR(255),
    date        DATE,
    type        ENUM('Vacation', 'Sick', 'Emergency'),
    description VARCHAR(255),
    PRIMARY KEY(leave_id)
);


-- EMPLOYEE SAMPLE
INSERT INTO Employee (
    employeeNumber,
    lastName,
    firstName,
    birthday,
    address,
    phoneNumber,
    sssNumber,
    philhealthNumber,
    tinNumber,
    pagIbigNumber,
    status,
    position,
    immediateSupervisor,
    basicSalary,
    riceSubsidy,
    phoneAllowance,
    clothingAllowance,
    grossSemiMonthlyRate,
    hourlyRate
)
VALUES
    (10001, 'Crisostomo', 'Jose', '1988-02-14', '17/85 Stracke Via Suite 042, Poblacion, Las Piñas 4783 Dinagat Islands', '918-621-603', '49-1632020-8', '382189453145', '317-674-022-000', '441093369646', 'Regular', 'HR Manager', 'N/A', 62670.00, 1500.00, 1000.00, 1000.00, 31335.00, 373.04),
    (10002, 'Mata', 'Christian', '1987-10-21', '90 O''Keefe Spur Apt. 379, Catigbian 2772 Sulu', '783-776-744', '49-2959312-6', '824187961962', '103-100-522-000', '631052853464', 'Regular', 'Account Team Leader', 'Romualdez, Fredrick', 42975.00, 1500.00, 800.00, 800.00, 21488.00, 255.80),
    (10003, 'San Jose', 'Brad', '1996-03-15', '99 Strosin Hills, Poblacion, Bislig 5340 Tawi-Tawi', '797-009-261', '40-2400714-1', '239192926939', '672-474-690-000', '210850209964', 'Regular', 'HR Team Leader', 'Crisostomo, Jose', 42975.00, 1500.00, 800.00, 800.00, 21488.00, 255.80),
    (10004, 'Salcedo', 'Anthony', '1993-09-14', '93/54 Shanahan Alley Apt. 183, Santo Tomas 1572 Masbate', '070-766-300', '26-9647608-3', '126445315651', '210-805-911-000', '218002473454', 'Regular', 'Payroll Manager', 'Crisostomo, Jose', 60825.00, 1500.00, 1000.00, 1000.00, 30413.00, 362.05),
    (10005, 'Romualdez', 'Alice', '1992-05-14', '12A/33 Upton Isle Apt. 420, Roxas City 1814 Surigao del Norte', '983-606-799', '55-4476527-2', '545652640232', '888-572-294-000', '211385556888', 'Regular', 'HR Rank and File', 'San Jose, Brad', 22500.00, 1500.00, 500.00, 500.00, 11250.00, 133.93),
    (10006, 'Atienza', 'Rosie', '1948-09-24', '90A Dibbert Terrace Apt. 190, San Lorenzo 6056 Davao del Norte', '266-036-427', '41-0644692-3', '708988234853', '604-997-793-000', '260107732354', 'Regular', 'HR Rank and File', 'San Jose, Brad', 22500.00, 1500.00, 500.00, 500.00, 11250.00, 133.93),
    (10007, 'Farala', 'Martha', '1942-01-11', '42/25 Sawayn Stream, Ubay 1208 Zamboanga del Norte', '329-034-366', '45-5656375-0', '233693897247', '210-835-851-000', '631130283546', 'Regular', 'Payroll Rank and File', 'Farala, Martha', 24000.00, 1500.00, 500.00, 500.00, 12000.00, 142.86),
    (10008, 'Martinez', 'Leila', '1970-07-11', '37/46 Kulas Roads, Maragondon 0962 Quirino', '877-110-749', '27-2090996-4', '515741057496', '275-792-513-000', '101205445886', 'Regular', 'Payroll Rank and File', 'Farala, Martha', 24000.00, 1500.00, 500.00, 500.00, 12000.00, 142.86),
    (10009, 'San Jose', 'Allison', '1986-06-24', '08 Grant Drive Suite 406, Poblacion, Iloilo City 9186 La Union', '179-075-129', '45-3251383-0', '745148459521', '121-203-336-000', '114901859343', 'Regular', 'Account Rank and File', 'Mata, Christian', 22500.00, 1500.00, 500.00, 500.00, 11250.00, 133.93),
    (10010, 'Rosario', 'Cydney', '1996-09-06', '93A/21 Berge Points, Tapaz 2180 Quezon', '868-819-912', '49-1629900-2', '579253435499', '122-244-511-000', '265104358643', 'Regular', 'Account Rank and File', 'Mata, Christian', 22500.00, 1500.00, 500.00, 500.00, 11250.00, 133.93),
    (10011, 'Lopez', 'Josie', '1937-01-14', '49 Springs Apt. 266, Poblacion, Taguig 3200 Occidental Mindoro', '478-355-427', '44-8563448-3', '431709011012', '218-489-737-000', '113071293354', 'Regular', 'Payroll Team Leader', 'Salcedo, Anthony', 38475.00, 1500.00, 800.00, 800.00, 19238.00, 229.02),
    (10012, 'De Leon', 'Selena', '1945-02-20', '89A Armstrong Trace, Compostela 7874 Maguindanao', '975-432-139', '27-2090208-8', '587272469938', '482-259-498-000', '719007608464', 'Regular', 'Account Team Leader', 'Romualdez, Fredrick', 41850.00, 1500.00, 800.00, 800.00, 20925.00, 249.11),
    (10013, 'Romualdez', 'Fredrick', '1985-03-10', '22A/52 Lubowitz Meadows, Pililla 4895 Zambales', '023-079-009', '26-8768374-1', '308366860059', '598-065-761-000', '223057707853', 'Regular', 'Account Manager', 'Crisostomo, Jose', 63500.00, 1500.00, 1000.00, 1000.00, 31750.00, 377.98),
    (10014, 'Bautista', 'Mark', '1961-02-12', '65 Murphy Center Suite 094, Poblacion, Palayan 5636 Quirino', '683-725-348', '49-1647342-5', '399665157135', '273-970-941-000', '260054585575', 'Regular', 'Account Rank and File', 'Mata, Christian', 23250.00, 1500.00, 500.00, 500.00, 11625.00, 138.39),
    (10015, 'Lazaro', 'Darlene', '1985-11-25', '47A/94 Larkin Plaza Apt. 179, Poblacion, Caloocan 2751 Quirino', '740-721-558', '45-5617168-2', '606386917510', '354-650-951-000', '104907708845', 'Probationary', 'Account Rank and File', 'Mata, Christian', 23250.00, 0.00, 0.00, 0.00, 11625.00, 138.39),
    (10016, 'Delos Santos', 'Kolby', '1980-02-26', '06A Gulgowski Extensions, Bongabon 6085 Zamboanga del Sur', '739-443-033', '52-0109570-6', '357451271274', '187-500-345-000', '113017988667', 'Probationary', 'Account Rank and File', 'Mata, Christian', 24000.00, 0.00, 0.00, 0.00, 12000.00, 142.86),
    (10017, 'Santos', 'Vella', '1983-12-31', '99A Padberg Spring, Poblacion, Mabalacat 3959 Lanao del Sur', '955-879-269', '52-9883524-3', '548670482885', '101-558-994-000', '360028104576', 'Probationary', 'Account Rank and File', 'Mata, Christian', 22500.00, 0.00, 0.00, 0.00, 11250.00, 133.93),
    (10018, 'Del Rosario', 'Tomas', '1978-12-18', '80A/48 Ledner Ridges, Poblacion, Kabankalan 8870 Marinduque', '882-550-989', '45-5866331-6', '953901539995', '560-735-732-000', '913108649964', 'Probationary', 'Account Rank and File', 'Mata, Christian', 22500.00, 0.00, 0.00, 0.00, 11250.00, 133.93),
    (10019, 'Tolentino', 'Jacklyn', '1944-05-19', '96/48 Watsica Flats Suite 734, Poblacion, Malolos 1844 Ifugao', '675-757-366', '47-1692793-0', '753800654114', '841-177-857-000', '210546661243', 'Probationary', 'Account Rank and File', 'De Leon, Selena', 24000.00, 0.00, 0.00, 0.00, 12000.00, 142.86),
    (10020, 'Gutierrez', 'Percival', '1970-12-18', '58A Wilderman Walks, Poblacion, Digos 5822 Davao del Sur', '512-899-876', '40-9504657-8', '797639382265', '502-995-671-000', '210897095686', 'Probationary', 'Account Rank and File', 'De Leon, Selena', 24750.00, 0.00, 0.00, 0.00, 12375.00, 147.32),
    (10021, 'Manalaysay', 'Garfield', '1966-08-28', '60 Goyette Valley Suite 219, Poblacion, Tabuk 3159 Lanao del Sur', '948-628-136', '45-3298166-4', '810909286264', '336-676-445-000', '211274476563', 'Probationary', 'Account Rank and File', 'De Leon, Selena', 24750.00, 0.00, 0.00, 0.00, 12375.00, 147.32),
    (10022, 'Villegas', 'Lizeth', '1981-12-12', '66/77 Mann Views, Luisiana 1263 Dinagat Islands', '332-372-215', '40-2400719-4', '934389652994', '210-395-397-000', '122238077997', 'Probationary', 'Account Rank and File', 'De Leon, Selena', 24000.00, 0.00, 0.00, 0.00, 12000.00, 142.86),
    (10023, 'Ramos', 'Carol', '1978-08-20', '72/70 Stamm Spurs, Bustos 4550 Iloilo', '250-700-389', '60-1152206-4', '351830469744', '395-032-717-000', '212141893454', 'Probationary', 'Account Rank and File', 'De Leon, Selena', 22500.00, 0.00, 0.00, 0.00, 11250.00, 133.93),
    (10024, 'Maceda', 'Emelia', '1963-04-14', '50A/83 Bahringer Oval Suite 145, Kiamba 7688 Nueva Ecija', '973-358-041', '54-1331005-0', '465087894112', '215-973-013-000', '515012579765', 'Probationary', 'Account Rank and File', 'De Leon, Selena', 22500.00, 0.00, 0.00, 0.00, 11250.00, 133.93),
    (10025, 'Aguilar', 'Delia', '1939-01-27', '95 Cremin Junction, Surallah 2809 Cotabato', '529-705-439', '52-1859253-1', '136451303068', '599-312-588-000', '110018813465', 'Probationary', 'Account Rank and File', 'De Leon, Selena', 22500.00, 0.00, 0.00, 0.00, 11250.00, 133.93);

-- ATTENDANCE SAMPLE
INSERT INTO Attendance (employeeNumber, lastName, firstName, date, timeIn, timeOut)
VALUES
    (10001,'Crisostomo','Jose','2022-01-09','8:00:00','17:00:00'),
    (10002,'Mata','Christian','2022-01-09','8:00:00','17:00:00'),
    (10003,'San Jose','Brad ','2022-01-09','8:00:00','17:00:00'),
    (10004,'Salcedo','Anthony','2022-01-09','8:00:00','17:00:00'),
    (10005,'Romualdez','Alice','2022-01-09','8:00:00','17:00:00'),
    (10006,'Atienza','Rosie ','2022-01-09','8:00:00','17:00:00'),
    (10007,'Farala','Martha','2022-01-09','8:27:00','17:00:00'),
    (10008,'Martinez','Leila','2022-01-09','8:01:00','17:00:00'),
    (10009,'San Jose','Allison ','2022-01-09','8:05:00','17:00:00'),
    (10010,'Rosario','Cydney ','2022-01-09','8:00:00','17:00:00'),
    (10011,'Lopez','Josie ','2022-01-09','8:00:00','17:00:00'),
    (10012,'De Leon','Selena ','2022-01-09','8:00:00','17:00:00'),
    (10013,'Romualdez','Fredrick ','2022-01-09','8:00:00','17:00:00'),
    (10014,'Bautista','Mark ','2022-01-09','8:00:00','17:00:00'),
    (10015,'Lazaro','Darlene ','2022-01-09','8:00:00','17:00:00'),
    (10016,'Delos Santos','Kolby ','2022-01-09','8:28:00','17:00:00'),
    (10017,'Santos','Vella ','2022-01-09','8:00:00','17:00:00'),
    (10018,'Del Rosario','Tomas','2022-01-09','8:00:00','17:00:00'),
    (10019,'Tolentino','Jacklyn ','2022-01-09','8:00:00','17:00:00'),
    (10020,'Gutierrez','Percival ','2022-01-09','8:00:00','17:00:00'),
    (10021,'Manalaysay','Garfield ','2022-01-09','8:11:00','17:00:00'),
    (10022,'Villegas','Lizeth ','2022-01-09','8:00:00','17:00:00'),
    (10023,'Ramos','Carol ','2022-01-09','8:00:00','17:00:00'),
    (10024,'Maceda','Emelia ','2022-01-09','8:21:00','17:00:00'),
    (10025,'Aguilar','Delia ','2022-01-09','8:00:00','17:00:00'),
    (10001,'Crisostomo','Jose','2022-02-09','8:00:00','17:00:00'),
    (10002,'Mata','Christian','2022-02-09','8:00:00','17:00:00'),
    (10003,'San Jose','Brad ','2022-02-09','8:00:00','17:00:00'),
    (10004,'Salcedo','Anthony','2022-02-09','8:00:00','17:00:00'),
    (10005,'Romualdez','Alice','2022-02-09','8:00:00','17:00:00'),
    (10006,'Atienza','Rosie ','2022-02-09','8:00:00','17:00:00'),
    (10007,'Farala','Martha','2022-02-09','8:00:00','17:00:00'),
    (10008,'Martinez','Leila','2022-02-09','8:00:00','17:00:00'),
    (10009,'San Jose','Allison ','2022-02-09','8:00:00','17:00:00'),
    (10010,'Rosario','Cydney ','2022-02-09','8:00:00','17:00:00'),
    (10011,'Lopez','Josie ','2022-02-09','8:00:00','17:00:00'),
    (10012,'De Leon','Selena ','2022-02-09','8:00:00','17:00:00'),
    (10013,'Romualdez','Fredrick ','2022-02-09','8:00:00','17:00:00'),
    (10014,'Bautista','Mark ','2022-02-09','8:00:00','17:00:00'),
    (10015,'Lazaro','Darlene ','2022-02-09','8:00:00','17:00:00'),
    (10016,'Delos Santos','Kolby ','2022-02-09','8:00:00','17:00:00'),
    (10017,'Santos','Vella ','2022-02-09','8:00:00','17:00:00'),
    (10018,'Del Rosario','Tomas','2022-02-09','8:00:00','17:00:00'),
    (10019,'Tolentino','Jacklyn ','2022-02-09','8:00:00','17:00:00'),
    (10020,'Gutierrez','Percival ','2022-02-09','8:00:00','17:00:00'),
    (10021,'Manalaysay','Garfield ','2022-02-09','8:00:00','17:00:00'),
    (10022,'Villegas','Lizeth ','2022-02-09','8:00:00','17:00:00'),
    (10023,'Ramos','Carol ','2022-02-09','8:00:00','17:00:00'),
    (10024,'Maceda','Emelia ','2022-02-09','8:00:00','17:00:00'),
    (10025,'Aguilar','Delia ','2022-02-09','8:00:00','17:00:00'),
    (10001,'Crisostomo','Jose','2022-05-09','8:00:00','17:00:00'),
    (10002,'Mata','Christian','2022-05-09','8:00:00','17:00:00'),
    (10003,'San Jose','Brad ','2022-05-09','8:00:00','17:00:00'),
    (10004,'Salcedo','Anthony','2022-05-09','8:00:00','17:00:00'),
    (10005,'Romualdez','Alice','2022-05-09','8:15:00','17:00:00'),
    (10006,'Atienza','Rosie ','2022-05-09','8:00:00','17:00:00'),
    (10007,'Farala','Martha','2022-05-09','8:00:00','17:00:00'),
    (10008,'Martinez','Leila','2022-05-09','8:00:00','17:00:00'),
    (10009,'San Jose','Allison ','2022-05-09','8:00:00','17:00:00'),
    (10010,'Rosario','Cydney ','2022-05-09','8:00:00','17:00:00'),
    (10011,'Lopez','Josie ','2022-05-09','10:30:00','17:00:00'),
    (10012,'De Leon','Selena ','2022-05-09','8:00:00','17:00:00'),
    (10013,'Romualdez','Fredrick ','2022-05-09','8:00:00','17:00:00'),
    (10014,'Bautista','Mark ','2022-05-09','8:00:00','17:00:00'),
    (10015,'Lazaro','Darlene ','2022-05-09','8:00:00','17:00:00'),
    (10016,'Delos Santos','Kolby ','2022-05-09','8:00:00','17:00:00'),
    (10017,'Santos','Vella ','2022-05-09','8:00:00','17:00:00'),
    (10018,'Del Rosario','Tomas','2022-05-09','8:00:00','17:00:00'),
    (10019,'Tolentino','Jacklyn ','2022-05-09','8:00:00','17:00:00'),
    (10020,'Gutierrez','Percival ','2022-05-09','8:00:00','17:00:00'),
    (10021,'Manalaysay','Garfield ','2022-05-09','13:00:00','17:00:00'),
    (10022,'Villegas','Lizeth ','2022-05-09','8:00:00','17:00:00'),
    (10023,'Ramos','Carol ','2022-05-09','8:00:00','17:00:00'),
    (10024,'Maceda','Emelia ','2022-05-09','8:00:00','17:00:00'),
    (10025,'Aguilar','Delia ','2022-05-09','8:00:00','17:00:00'),
    (10001,'Crisostomo','Jose','2022-06-09','8:00:00','17:00:00'),
    (10002,'Mata','Christian','2022-06-09','8:00:00','17:00:00'),
    (10003,'San Jose','Brad ','2022-06-09','11:30:00','17:00:00'),
    (10004,'Salcedo','Anthony','2022-06-09','8:00:00','17:00:00'),
    (10005,'Romualdez','Alice','2022-06-09','8:00:00','17:00:00'),
    (10006,'Atienza','Rosie ','2022-06-09','8:00:00','17:00:00'),
    (10007,'Farala','Martha','2022-06-09','8:00:00','17:00:00'),
    (10008,'Martinez','Leila','2022-06-09','8:10:00','17:00:00'),
    (10009,'San Jose','Allison ','2022-06-09','0:00:00','0:00:00'),
    (10010,'Rosario','Cydney ','2022-06-09','8:00:00','17:00:00'),
    (10011,'Lopez','Josie ','2022-06-09','8:00:00','17:00:00'),
    (10012,'De Leon','Selena ','2022-06-09','8:00:00','17:00:00'),
    (10013,'Romualdez','Fredrick ','2022-06-09','8:00:00','17:00:00'),
    (10014,'Bautista','Mark ','2022-06-09','8:00:00','17:00:00'),
    (10015,'Lazaro','Darlene ','2022-06-09','8:00:00','17:00:00'),
    (10016,'Delos Santos','Kolby ','2022-06-09','8:00:00','17:00:00'),
    (10017,'Santos','Vella ','2022-06-09','8:05:00','17:00:00'),
    (10018,'Del Rosario','Tomas','2022-06-09','8:00:00','17:00:00'),
    (10019,'Tolentino','Jacklyn ','2022-06-09','8:00:00','17:00:00'),
    (10020,'Gutierrez','Percival ','2022-06-09','8:00:00','17:00:00'),
    (10021,'Manalaysay','Garfield ','2022-06-09','8:00:00','17:00:00'),
    (10022,'Villegas','Lizeth ','2022-06-09','8:00:00','17:00:00'),
    (10023,'Ramos','Carol ','2022-06-09','9:00:00','17:00:00'),
    (10024,'Maceda','Emelia ','2022-06-09','8:00:00','17:00:00'),
    (10025,'Aguilar','Delia ','2022-06-09','8:00:00','17:00:00'),
    (10001,'Crisostomo','Jose','2022-07-09','8:00:00','17:00:00'),
    (10002,'Mata','Christian','2022-07-09','8:00:00','17:00:00'),
    (10003,'San Jose','Brad ','2022-07-09','8:00:00','17:00:00'),
    (10004,'Salcedo','Anthony','2022-07-09','8:00:00','17:00:00'),
    (10005,'Romualdez','Alice','2022-07-09','8:00:00','17:00:00'),
    (10006,'Atienza','Rosie ','2022-07-09','8:00:00','17:00:00'),
    (10007,'Farala','Martha','2022-07-09','8:00:00','17:00:00'),
    (10008,'Martinez','Leila','2022-07-09','8:00:00','17:00:00'),
    (10009,'San Jose','Allison ','2022-07-09','0:00:00','0:00:00'),
    (10010,'Rosario','Cydney ','2022-07-09','8:00:00','17:00:00'),
    (10011,'Lopez','Josie ','2022-07-09','8:00:00','17:00:00'),
    (10012,'De Leon','Selena ','2022-07-09','8:00:00','17:00:00'),
    (10013,'Romualdez','Fredrick ','2022-07-09','8:00:00','17:00:00'),
    (10014,'Bautista','Mark ','2022-07-09','8:00:00','17:00:00'),
    (10015,'Lazaro','Darlene ','2022-07-09','8:00:00','17:00:00'),
    (10016,'Delos Santos','Kolby ','2022-07-09','8:00:00','17:00:00'),
    (10017,'Santos','Vella ','2022-07-09','8:00:00','17:00:00'),
    (10018,'Del Rosario','Tomas','2022-07-09','8:00:00','17:00:00'),
    (10019,'Tolentino','Jacklyn ','2022-07-09','8:00:00','17:00:00'),
    (10020,'Gutierrez','Percival ','2022-07-09','8:00:00','17:00:00'),
    (10021,'Manalaysay','Garfield ','2022-07-09','8:00:00','17:00:00'),
    (10022,'Villegas','Lizeth ','2022-07-09','8:00:00','17:00:00'),
    (10023,'Ramos','Carol ','2022-07-09','8:00:00','17:00:00'),
    (10024,'Maceda','Emelia ','2022-07-09','8:00:00','17:00:00'),
    (10025,'Aguilar','Delia ','2022-07-09','8:00:00','17:00:00'),
    (10001,'Crisostomo','Jose','2022-08-09','8:00:00','17:00:00'),
    (10002,'Mata','Christian','2022-08-09','8:00:00','17:00:00'),
    (10003,'San Jose','Brad ','2022-08-09','8:00:00','17:00:00'),
    (10004,'Salcedo','Anthony','2022-08-09','8:00:00','17:00:00'),
    (10005,'Romualdez','Alice','2022-08-09','8:00:00','17:00:00'),
    (10006,'Atienza','Rosie ','2022-08-09','8:00:00','17:00:00'),
    (10007,'Farala','Martha','2022-08-09','8:00:00','17:00:00'),
    (10008,'Martinez','Leila','2022-08-09','8:00:00','17:00:00'),
    (10009,'San Jose','Allison ','2022-08-09','0:00:00','0:00:00'),
    (10010,'Rosario','Cydney ','2022-08-09','8:00:00','17:00:00'),
    (10011,'Lopez','Josie ','2022-08-09','8:00:00','17:00:00'),
    (10012,'De Leon','Selena ','2022-08-09','8:00:00','17:00:00'),
    (10013,'Romualdez','Fredrick ','2022-08-09','10:00:00','17:00:00'),
    (10014,'Bautista','Mark ','2022-08-09','10:00:00','17:00:00'),
    (10015,'Lazaro','Darlene ','2022-08-09','10:00:00','17:00:00'),
    (10016,'Delos Santos','Kolby ','2022-08-09','10:00:00','17:00:00'),
    (10017,'Santos','Vella ','2022-08-09','10:00:00','17:00:00'),
    (10018,'Del Rosario','Tomas','2022-08-09','10:00:00','17:00:00'),
    (10019,'Tolentino','Jacklyn ','2022-08-09','10:00:00','17:00:00'),
    (10020,'Gutierrez','Percival ','2022-08-09','10:00:00','17:00:00'),
    (10021,'Manalaysay','Garfield ','2022-08-09','10:00:00','17:00:00'),
    (10022,'Villegas','Lizeth ','2022-08-09','10:00:00','17:00:00'),
    (10023,'Ramos','Carol ','2022-08-09','10:00:00','17:00:00'),
    (10024,'Maceda','Emelia ','2022-08-09','10:00:00','17:00:00'),
    (10025,'Aguilar','Delia ','2022-08-09','10:00:00','17:00:00'),
    (10001,'Crisostomo','Jose','2022-09-09','8:00:00','17:00:00'),
    (10002,'Mata','Christian','2022-09-09','8:00:00','17:00:00'),
    (10003,'San Jose','Brad ','2022-09-09','8:00:00','17:00:00'),
    (10004,'Salcedo','Anthony','2022-09-09','8:00:00','17:00:00'),
    (10005,'Romualdez','Alice','2022-09-09','8:00:00','17:00:00'),
    (10006,'Atienza','Rosie ','2022-09-09','8:00:00','17:00:00'),
    (10007,'Farala','Martha','2022-09-09','8:00:00','17:00:00'),
    (10008,'Martinez','Leila','2022-09-09','8:00:00','17:00:00'),
    (10009,'San Jose','Allison ','2022-09-09','0:00:00','0:00:00'),
    (10010,'Rosario','Cydney ','2022-09-09','8:00:00','17:00:00'),
    (10011,'Lopez','Josie ','2022-09-09','8:00:00','17:00:00'),
    (10012,'De Leon','Selena ','2022-09-09','8:00:00','17:00:00'),
    (10013,'Romualdez','Fredrick ','2022-09-09','8:00:00','17:00:00'),
    (10014,'Bautista','Mark ','2022-09-09','8:00:00','17:00:00'),
    (10015,'Lazaro','Darlene ','2022-09-09','8:00:00','17:00:00'),
    (10016,'Delos Santos','Kolby ','2022-09-09','8:00:00','17:00:00'),
    (10017,'Santos','Vella ','2022-09-09','8:00:00','17:00:00'),
    (10018,'Del Rosario','Tomas','2022-09-09','8:00:00','17:00:00'),
    (10019,'Tolentino','Jacklyn ','2022-09-09','8:00:00','17:00:00'),
    (10020,'Gutierrez','Percival ','2022-09-09','8:00:00','17:00:00'),
    (10021,'Manalaysay','Garfield ','2022-09-09','8:00:00','17:00:00'),
    (10022,'Villegas','Lizeth ','2022-09-09','8:00:00','17:00:00'),
    (10023,'Ramos','Carol ','2022-09-09','8:00:00','17:00:00'),
    (10024,'Maceda','Emelia ','2022-09-09','8:00:00','17:00:00'),
    (10025,'Aguilar','Delia ','2022-09-09','8:00:00','17:00:00'),
    (10001,'Crisostomo','Jose','2022-12-09','8:00:00','17:00:00'),
    (10002,'Mata','Christian','2022-12-09','8:00:00','17:00:00'),
    (10003,'San Jose','Brad ','2022-12-09','8:00:00','17:00:00'),
    (10004,'Salcedo','Anthony','2022-12-09','8:00:00','17:00:00'),
    (10005,'Romualdez','Alice','2022-12-09','8:00:00','17:00:00'),
    (10006,'Atienza','Rosie ','2022-12-09','8:00:00','17:00:00'),
    (10007,'Farala','Martha','2022-12-09','8:27:00','17:00:00'),
    (10008,'Martinez','Leila','2022-12-09','8:01:00','17:00:00'),
    (10009,'San Jose','Allison ','2022-12-09','0:00:00','0:00:00'),
    (10010,'Rosario','Cydney ','2022-12-09','8:00:00','17:00:00'),
    (10011,'Lopez','Josie ','2022-12-09','8:00:00','17:00:00'),
    (10012,'De Leon','Selena ','2022-12-09','8:00:00','17:00:00'),
    (10013,'Romualdez','Fredrick ','2022-12-09','8:00:00','17:00:00'),
    (10014,'Bautista','Mark ','2022-12-09','8:00:00','17:00:00'),
    (10015,'Lazaro','Darlene ','2022-12-09','8:00:00','17:00:00'),
    (10016,'Delos Santos','Kolby ','2022-12-09','8:28:00','17:00:00'),
    (10017,'Santos','Vella ','2022-12-09','8:00:00','17:00:00'),
    (10018,'Del Rosario','Tomas','2022-12-09','8:00:00','17:00:00'),
    (10019,'Tolentino','Jacklyn ','2022-12-09','8:00:00','17:00:00'),
    (10020,'Gutierrez','Percival ','2022-12-09','8:00:00','17:00:00'),
    (10021,'Manalaysay','Garfield ','2022-12-09','8:11:00','17:00:00'),
    (10022,'Villegas','Lizeth ','2022-12-09','8:00:00','17:00:00'),
    (10023,'Ramos','Carol ','2022-12-09','8:00:00','17:00:00'),
    (10024,'Maceda','Emelia ','2022-12-09','8:21:00','17:00:00'),
    (10025,'Aguilar','Delia ','2022-12-09','8:00:00','17:00:00'),
    (10001,'Crisostomo','Jose','2022-09-13','8:00:00','17:00:00'),
    (10002,'Mata','Christian','2022-09-13','8:00:00','17:00:00'),
    (10003,'San Jose','Brad ','2022-09-13','8:00:00','17:00:00'),
    (10004,'Salcedo','Anthony','2022-09-13','8:00:00','17:00:00'),
    (10005,'Romualdez','Alice','2022-09-13','8:00:00','17:00:00'),
    (10006,'Atienza','Rosie ','2022-09-13','8:00:00','17:00:00'),
    (10007,'Farala','Martha','2022-09-13','8:00:00','17:00:00'),
    (10008,'Martinez','Leila','2022-09-13','8:00:00','17:00:00'),
    (10009,'San Jose','Allison ','2022-09-13','8:00:00','17:00:00'),
    (10010,'Rosario','Cydney ','2022-09-13','8:00:00','17:00:00'),
    (10011,'Lopez','Josie ','2022-09-13','8:00:00','17:00:00'),
    (10012,'De Leon','Selena ','2022-09-13','8:00:00','17:00:00'),
    (10013,'Romualdez','Fredrick ','2022-09-13','8:00:00','17:00:00'),
    (10014,'Bautista','Mark ','2022-09-13','8:00:00','17:00:00'),
    (10015,'Lazaro','Darlene ','2022-09-13','8:00:00','17:00:00'),
    (10016,'Delos Santos','Kolby ','2022-09-13','8:00:00','17:00:00'),
    (10017,'Santos','Vella ','2022-09-13','0:00:00','0:00:00'),
    (10018,'Del Rosario','Tomas','2022-09-13','8:00:00','17:00:00'),
    (10019,'Tolentino','Jacklyn ','2022-09-13','8:00:00','17:00:00'),
    (10020,'Gutierrez','Percival ','2022-09-13','8:00:00','17:00:00'),
    (10021,'Manalaysay','Garfield ','2022-09-13','8:00:00','17:00:00'),
    (10022,'Villegas','Lizeth ','2022-09-13','8:00:00','17:00:00'),
    (10023,'Ramos','Carol ','2022-09-13','8:00:00','17:00:00'),
    (10024,'Maceda','Emelia ','2022-09-13','8:00:00','17:00:00'),
    (10025,'Aguilar','Delia ','2022-09-13','8:00:00','17:00:00'),
    (10001,'Crisostomo','Jose','2022-09-14','8:00:00','17:00:00'),
    (10002,'Mata','Christian','2022-09-14','8:00:00','17:00:00'),
    (10003,'San Jose','Brad ','2022-09-14','8:00:00','17:00:00'),
    (10004,'Salcedo','Anthony','2022-09-14','8:00:00','17:00:00'),
    (10005,'Romualdez','Alice','2022-09-14','8:15:00','17:00:00'),
    (10006,'Atienza','Rosie ','2022-09-14','8:00:00','17:00:00'),
    (10007,'Farala','Martha','2022-09-14','8:00:00','17:00:00'),
    (10008,'Martinez','Leila','2022-09-14','8:00:00','17:00:00'),
    (10009,'San Jose','Allison ','2022-09-14','8:00:00','17:00:00'),
    (10010,'Rosario','Cydney ','2022-09-14','8:00:00','17:00:00'),
    (10011,'Lopez','Josie ','2022-09-14','10:30:00','17:00:00'),
    (10012,'De Leon','Selena ','2022-09-14','8:00:00','17:00:00'),
    (10013,'Romualdez','Fredrick ','2022-09-14','8:00:00','17:00:00'),
    (10014,'Bautista','Mark ','2022-09-14','8:00:00','17:00:00'),
    (10015,'Lazaro','Darlene ','2022-09-14','8:00:00','17:00:00'),
    (10016,'Delos Santos','Kolby ','2022-09-14','8:00:00','17:00:00'),
    (10017,'Santos','Vella ','2022-09-14','8:00:00','17:00:00'),
    (10018,'Del Rosario','Tomas','2022-09-14','8:00:00','17:00:00'),
    (10019,'Tolentino','Jacklyn ','2022-09-14','8:00:00','17:00:00'),
    (10020,'Gutierrez','Percival ','2022-09-14','8:00:00','17:00:00'),
    (10021,'Manalaysay','Garfield ','2022-09-14','13:00:00','17:00:00'),
    (10022,'Villegas','Lizeth ','2022-09-14','8:00:00','17:00:00'),
    (10023,'Ramos','Carol ','2022-09-14','8:00:00','17:00:00'),
    (10024,'Maceda','Emelia ','2022-09-14','8:00:00','17:00:00'),
    (10025,'Aguilar','Delia ','2022-09-14','8:00:00','17:00:00'),
    (10001,'Crisostomo','Jose','2022-09-15','8:00:00','17:00:00'),
    (10002,'Mata','Christian','2022-09-15','8:00:00','17:00:00'),
    (10003,'San Jose','Brad ','2022-09-15','11:30:00','17:00:00'),
    (10004,'Salcedo','Anthony','2022-09-15','8:00:00','17:00:00'),
    (10005,'Romualdez','Alice','2022-09-15','8:00:00','17:00:00'),
    (10006,'Atienza','Rosie ','2022-09-15','8:00:00','17:00:00'),
    (10007,'Farala','Martha','2022-09-15','8:00:00','17:00:00'),
    (10008,'Martinez','Leila','2022-09-15','8:10:00','17:00:00'),
    (10009,'San Jose','Allison ','2022-09-15','8:00:00','17:00:00'),
    (10010,'Rosario','Cydney ','2022-09-15','8:00:00','17:00:00'),
    (10011,'Lopez','Josie ','2022-09-15','8:00:00','17:00:00'),
    (10012,'De Leon','Selena ','2022-09-15','8:00:00','17:00:00'),
    (10013,'Romualdez','Fredrick ','2022-09-15','8:00:00','17:00:00'),
    (10014,'Bautista','Mark ','2022-09-15','8:00:00','17:00:00'),
    (10015,'Lazaro','Darlene ','2022-09-15','8:00:00','17:00:00'),
    (10016,'Delos Santos','Kolby ','2022-09-15','8:00:00','17:00:00'),
    (10017,'Santos','Vella ','2022-09-15','8:05:00','17:00:00'),
    (10018,'Del Rosario','Tomas','2022-09-15','8:00:00','17:00:00'),
    (10019,'Tolentino','Jacklyn ','2022-09-15','8:00:00','17:00:00'),
    (10020,'Gutierrez','Percival ','2022-09-15','8:00:00','17:00:00'),
    (10021,'Manalaysay','Garfield ','2022-09-15','8:00:00','17:00:00'),
    (10022,'Villegas','Lizeth ','2022-09-15','8:00:00','17:00:00'),
    (10023,'Ramos','Carol ','2022-09-15','9:00:00','17:00:00'),
    (10024,'Maceda','Emelia ','2022-09-15','0:00:00','0:00:00'),
    (10025,'Aguilar','Delia ','2022-09-15','8:00:00','17:00:00'),
    (10001,'Crisostomo','Jose','2022-09-16','8:00:00','17:00:00'),
    (10002,'Mata','Christian','2022-09-16','8:00:00','17:00:00'),
    (10003,'San Jose','Brad ','2022-09-16','8:00:00','17:00:00'),
    (10004,'Salcedo','Anthony','2022-09-16','8:00:00','17:00:00'),
    (10005,'Romualdez','Alice','2022-09-16','8:00:00','17:00:00'),
    (10006,'Atienza','Rosie ','2022-09-16','8:00:00','17:00:00'),
    (10007,'Farala','Martha','2022-09-16','8:00:00','17:00:00'),
    (10008,'Martinez','Leila','2022-09-16','8:00:00','17:00:00'),
    (10009,'San Jose','Allison ','2022-09-16','8:00:00','17:00:00'),
    (10010,'Rosario','Cydney ','2022-09-16','8:00:00','17:00:00'),
    (10011,'Lopez','Josie ','2022-09-16','8:00:00','17:00:00'),
    (10012,'De Leon','Selena ','2022-09-16','8:00:00','17:00:00'),
    (10013,'Romualdez','Fredrick ','2022-09-16','8:00:00','17:00:00'),
    (10014,'Bautista','Mark ','2022-09-16','8:00:00','17:00:00'),
    (10015,'Lazaro','Darlene ','2022-09-16','8:00:00','17:00:00'),
    (10016,'Delos Santos','Kolby ','2022-09-16','8:00:00','17:00:00'),
    (10017,'Santos','Vella ','2022-09-16','8:00:00','17:00:00'),
    (10018,'Del Rosario','Tomas','2022-09-16','8:00:00','17:00:00'),
    (10019,'Tolentino','Jacklyn ','2022-09-16','8:00:00','17:00:00'),
    (10020,'Gutierrez','Percival ','2022-09-16','8:00:00','17:00:00'),
    (10021,'Manalaysay','Garfield ','2022-09-16','8:00:00','17:00:00'),
    (10022,'Villegas','Lizeth ','2022-09-16','8:00:00','17:00:00'),
    (10023,'Ramos','Carol ','2022-09-16','8:00:00','17:00:00'),
    (10024,'Maceda','Emelia ','2022-09-16','8:00:00','17:00:00'),
    (10025,'Aguilar','Delia ','2022-09-16','8:00:00','17:00:00'),
    (10001,'Crisostomo','Jose','2022-09-19','8:00:00','17:00:00'),
    (10002,'Mata','Christian','2022-09-19','8:00:00','17:00:00'),
    (10003,'San Jose','Brad ','2022-09-19','8:00:00','17:00:00'),
    (10004,'Salcedo','Anthony','2022-09-19','8:00:00','17:00:00'),
    (10005,'Romualdez','Alice','2022-09-19','8:00:00','17:00:00'),
    (10006,'Atienza','Rosie ','2022-09-19','8:00:00','17:00:00'),
    (10007,'Farala','Martha','2022-09-19','8:00:00','17:00:00'),
    (10008,'Martinez','Leila','2022-09-19','8:00:00','17:00:00'),
    (10009,'San Jose','Allison ','2022-09-19','8:00:00','17:00:00'),
    (10010,'Rosario','Cydney ','2022-09-19','8:00:00','17:00:00'),
    (10011,'Lopez','Josie ','2022-09-19','8:00:00','17:00:00'),
    (10012,'De Leon','Selena ','2022-09-19','8:00:00','17:00:00'),
    (10013,'Romualdez','Fredrick ','2022-09-19','10:00:00','17:00:00'),
    (10014,'Bautista','Mark ','2022-09-19','10:00:00','17:00:00'),
    (10015,'Lazaro','Darlene ','2022-09-19','10:00:00','17:00:00'),
    (10016,'Delos Santos','Kolby ','2022-09-19','10:00:00','17:00:00'),
    (10017,'Santos','Vella ','2022-09-19','0:00:00','0:00:00'),
    (10018,'Del Rosario','Tomas','2022-09-19','10:00:00','17:00:00'),
    (10019,'Tolentino','Jacklyn ','2022-09-19','10:00:00','17:00:00'),
    (10020,'Gutierrez','Percival ','2022-09-19','10:00:00','17:00:00'),
    (10021,'Manalaysay','Garfield ','2022-09-19','10:00:00','17:00:00'),
    (10022,'Villegas','Lizeth ','2022-09-19','10:00:00','17:00:00'),
    (10023,'Ramos','Carol ','2022-09-19','10:00:00','17:00:00'),
    (10024,'Maceda','Emelia ','2022-09-19','10:00:00','17:00:00'),
    (10025,'Aguilar','Delia ','2022-09-19','10:00:00','17:00:00'),
    (10001,'Crisostomo','Jose','2022-09-20','8:00:00','17:00:00'),
    (10002,'Mata','Christian','2022-09-20','8:00:00','17:00:00'),
    (10003,'San Jose','Brad ','2022-09-20','8:00:00','17:00:00'),
    (10004,'Salcedo','Anthony','2022-09-20','8:00:00','17:00:00'),
    (10005,'Romualdez','Alice','2022-09-20','8:00:00','17:00:00'),
    (10006,'Atienza','Rosie ','2022-09-20','8:00:00','17:00:00'),
    (10007,'Farala','Martha','2022-09-20','8:00:00','17:00:00'),
    (10008,'Martinez','Leila','2022-09-20','8:00:00','17:00:00'),
    (10009,'San Jose','Allison ','2022-09-20','8:00:00','17:00:00'),
    (10010,'Rosario','Cydney ','2022-09-20','8:00:00','17:00:00'),
    (10011,'Lopez','Josie ','2022-09-20','8:00:00','17:00:00'),
    (10012,'De Leon','Selena ','2022-09-20','8:00:00','17:00:00'),
    (10013,'Romualdez','Fredrick ','2022-09-20','8:00:00','17:00:00'),
    (10014,'Bautista','Mark ','2022-09-20','8:00:00','17:00:00'),
    (10015,'Lazaro','Darlene ','2022-09-20','8:00:00','17:00:00'),
    (10016,'Delos Santos','Kolby ','2022-09-20','8:00:00','17:00:00'),
    (10017,'Santos','Vella ','2022-09-20','8:00:00','17:00:00'),
    (10018,'Del Rosario','Tomas','2022-09-20','0:00:00','0:00:00'),
    (10019,'Tolentino','Jacklyn ','2022-09-20','8:00:00','17:00:00'),
    (10020,'Gutierrez','Percival ','2022-09-20','8:00:00','17:00:00'),
    (10021,'Manalaysay','Garfield ','2022-09-20','8:00:00','17:00:00'),
    (10022,'Villegas','Lizeth ','2022-09-20','8:00:00','17:00:00'),
    (10023,'Ramos','Carol ','2022-09-20','8:00:00','17:00:00'),
    (10024,'Maceda','Emelia ','2022-09-20','8:00:00','17:00:00'),
    (10025,'Aguilar','Delia ','2022-09-20','8:00:00','17:00:00'),
    (10001,'Crisostomo','Jose','2022-09-21','8:00:00','17:00:00'),
    (10002,'Mata','Christian','2022-09-21','8:00:00','17:00:00'),
    (10003,'San Jose','Brad ','2022-09-21','8:00:00','17:00:00'),
    (10004,'Salcedo','Anthony','2022-09-21','8:00:00','17:00:00'),
    (10005,'Romualdez','Alice','2022-09-21','8:00:00','17:00:00'),
    (10006,'Atienza','Rosie ','2022-09-21','8:00:00','17:00:00'),
    (10007,'Farala','Martha','2022-09-21','8:27:00','17:00:00'),
    (10008,'Martinez','Leila','2022-09-21','8:01:00','17:00:00'),
    (10009,'San Jose','Allison ','2022-09-21','8:05:00','17:00:00'),
    (10010,'Rosario','Cydney ','2022-09-21','8:00:00','17:00:00'),
    (10011,'Lopez','Josie ','2022-09-21','8:00:00','17:00:00'),
    (10012,'De Leon','Selena ','2022-09-21','8:00:00','17:00:00'),
    (10013,'Romualdez','Fredrick ','2022-09-21','8:00:00','17:00:00'),
    (10014,'Bautista','Mark ','2022-09-21','8:00:00','17:00:00'),
    (10015,'Lazaro','Darlene ','2022-09-21','8:00:00','17:00:00'),
    (10016,'Delos Santos','Kolby ','2022-09-21','8:28:00','17:00:00'),
    (10017,'Santos','Vella ','2022-09-21','8:00:00','17:00:00'),
    (10018,'Del Rosario','Tomas','2022-09-21','0:00:00','0:00:00'),
    (10019,'Tolentino','Jacklyn ','2022-09-21','8:00:00','17:00:00'),
    (10020,'Gutierrez','Percival ','2022-09-21','8:00:00','17:00:00'),
    (10021,'Manalaysay','Garfield ','2022-09-21','8:11:00','17:00:00'),
    (10022,'Villegas','Lizeth ','2022-09-21','8:00:00','17:00:00'),
    (10023,'Ramos','Carol ','2022-09-21','8:00:00','17:00:00'),
    (10024,'Maceda','Emelia ','2022-09-21','8:21:00','17:00:00'),
    (10025,'Aguilar','Delia ','2022-09-21','8:00:00','17:00:00'),
    (10001,'Crisostomo','Jose','2022-09-22','8:00:00','17:00:00'),
    (10002,'Mata','Christian','2022-09-22','8:00:00','17:00:00'),
    (10003,'San Jose','Brad ','2022-09-22','8:00:00','17:00:00'),
    (10004,'Salcedo','Anthony','2022-09-22','8:00:00','17:00:00'),
    (10005,'Romualdez','Alice','2022-09-22','8:00:00','17:00:00'),
    (10006,'Atienza','Rosie ','2022-09-22','8:00:00','17:00:00'),
    (10007,'Farala','Martha','2022-09-22','8:00:00','17:00:00'),
    (10008,'Martinez','Leila','2022-09-22','8:00:00','17:00:00'),
    (10009,'San Jose','Allison ','2022-09-22','8:00:00','17:00:00'),
    (10010,'Rosario','Cydney ','2022-09-22','8:00:00','17:00:00'),
    (10011,'Lopez','Josie ','2022-09-22','8:00:00','17:00:00'),
    (10012,'De Leon','Selena ','2022-09-22','8:00:00','17:00:00'),
    (10013,'Romualdez','Fredrick ','2022-09-22','8:00:00','17:00:00'),
    (10014,'Bautista','Mark ','2022-09-22','8:00:00','17:00:00'),
    (10015,'Lazaro','Darlene ','2022-09-22','8:00:00','17:00:00'),
    (10016,'Delos Santos','Kolby ','2022-09-22','8:00:00','17:00:00'),
    (10017,'Santos','Vella ','2022-09-22','8:00:00','17:00:00'),
    (10018,'Del Rosario','Tomas','2022-09-22','8:00:00','17:00:00'),
    (10019,'Tolentino','Jacklyn ','2022-09-22','8:00:00','17:00:00'),
    (10020,'Gutierrez','Percival ','2022-09-22','8:00:00','17:00:00'),
    (10021,'Manalaysay','Garfield ','2022-09-22','8:00:00','17:00:00'),
    (10022,'Villegas','Lizeth ','2022-09-22','8:00:00','17:00:00'),
    (10023,'Ramos','Carol ','2022-09-22','8:00:00','17:00:00'),
    (10024,'Maceda','Emelia ','2022-09-22','8:00:00','17:00:00'),
    (10025,'Aguilar','Delia ','2022-09-22','8:00:00','17:00:00'),
    (10001,'Crisostomo','Jose','2022-09-23','8:00:00','17:00:00'),
    (10002,'Mata','Christian','2022-09-23','8:00:00','17:00:00'),
    (10003,'San Jose','Brad ','2022-09-23','8:00:00','17:00:00'),
    (10004,'Salcedo','Anthony','2022-09-23','8:00:00','17:00:00'),
    (10005,'Romualdez','Alice','2022-09-23','8:15:00','17:00:00'),
    (10006,'Atienza','Rosie ','2022-09-23','8:00:00','17:00:00'),
    (10007,'Farala','Martha','2022-09-23','8:00:00','17:00:00'),
    (10008,'Martinez','Leila','2022-09-23','8:00:00','17:00:00'),
    (10009,'San Jose','Allison ','2022-09-23','8:00:00','17:00:00'),
    (10010,'Rosario','Cydney ','2022-09-23','8:00:00','17:00:00'),
    (10011,'Lopez','Josie ','2022-09-23','10:30:00','17:00:00'),
    (10012,'De Leon','Selena ','2022-09-23','8:00:00','17:00:00'),
    (10013,'Romualdez','Fredrick ','2022-09-23','8:00:00','17:00:00'),
    (10014,'Bautista','Mark ','2022-09-23','8:00:00','17:00:00'),
    (10015,'Lazaro','Darlene ','2022-09-23','8:00:00','17:00:00'),
    (10016,'Delos Santos','Kolby ','2022-09-23','8:00:00','17:00:00'),
    (10017,'Santos','Vella ','2022-09-23','8:00:00','17:00:00'),
    (10018,'Del Rosario','Tomas','2022-09-23','8:00:00','17:00:00'),
    (10019,'Tolentino','Jacklyn ','2022-09-23','8:00:00','17:00:00'),
    (10020,'Gutierrez','Percival ','2022-09-23','8:00:00','17:00:00'),
    (10021,'Manalaysay','Garfield ','2022-09-23','13:00:00','17:00:00'),
    (10022,'Villegas','Lizeth ','2022-09-23','8:00:00','17:00:00'),
    (10023,'Ramos','Carol ','2022-09-23','8:00:00','17:00:00'),
    (10024,'Maceda','Emelia ','2022-09-23','8:00:00','17:00:00'),
    (10025,'Aguilar','Delia ','2022-09-23','8:00:00','17:00:00'),
    (10001,'Crisostomo','Jose','2022-09-26','8:00:00','17:00:00'),
    (10002,'Mata','Christian','2022-09-26','8:00:00','17:00:00'),
    (10003,'San Jose','Brad ','2022-09-26','11:30:00','17:00:00'),
    (10004,'Salcedo','Anthony','2022-09-26','8:00:00','17:00:00'),
    (10005,'Romualdez','Alice','2022-09-26','8:00:00','17:00:00'),
    (10006,'Atienza','Rosie ','2022-09-26','8:00:00','17:00:00'),
    (10007,'Farala','Martha','2022-09-26','8:00:00','17:00:00'),
    (10008,'Martinez','Leila','2022-09-26','8:10:00','17:00:00'),
    (10009,'San Jose','Allison ','2022-09-26','8:00:00','17:00:00'),
    (10010,'Rosario','Cydney ','2022-09-26','8:00:00','17:00:00'),
    (10011,'Lopez','Josie ','2022-09-26','8:00:00','17:00:00'),
    (10012,'De Leon','Selena ','2022-09-26','8:00:00','17:00:00'),
    (10013,'Romualdez','Fredrick ','2022-09-26','8:00:00','17:00:00'),
    (10014,'Bautista','Mark ','2022-09-26','8:00:00','17:00:00'),
    (10015,'Lazaro','Darlene ','2022-09-26','8:00:00','17:00:00'),
    (10016,'Delos Santos','Kolby ','2022-09-26','8:00:00','17:00:00'),
    (10017,'Santos','Vella ','2022-09-26','8:05:00','17:00:00'),
    (10018,'Del Rosario','Tomas','2022-09-26','8:00:00','17:00:00'),
    (10019,'Tolentino','Jacklyn ','2022-09-26','8:00:00','17:00:00'),
    (10020,'Gutierrez','Percival ','2022-09-26','8:00:00','17:00:00'),
    (10021,'Manalaysay','Garfield ','2022-09-26','8:00:00','17:00:00'),
    (10022,'Villegas','Lizeth ','2022-09-26','8:00:00','17:00:00'),
    (10023,'Ramos','Carol ','2022-09-26','9:00:00','17:00:00'),
    (10024,'Maceda','Emelia ','2022-09-26','8:00:00','17:00:00'),
    (10025,'Aguilar','Delia ','2022-09-26','8:00:00','17:00:00'),
    (10001,'Crisostomo','Jose','2022-09-27','8:00:00','17:00:00'),
    (10002,'Mata','Christian','2022-09-27','8:00:00','17:00:00'),
    (10003,'San Jose','Brad ','2022-09-27','8:00:00','17:00:00'),
    (10004,'Salcedo','Anthony','2022-09-27','8:00:00','17:00:00'),
    (10005,'Romualdez','Alice','2022-09-27','8:00:00','17:00:00'),
    (10006,'Atienza','Rosie ','2022-09-27','8:00:00','17:00:00'),
    (10007,'Farala','Martha','2022-09-27','8:00:00','17:00:00'),
    (10008,'Martinez','Leila','2022-09-27','8:00:00','17:00:00'),
    (10009,'San Jose','Allison ','2022-09-27','8:00:00','17:00:00'),
    (10010,'Rosario','Cydney ','2022-09-27','8:00:00','17:00:00'),
    (10011,'Lopez','Josie ','2022-09-27','8:00:00','17:00:00'),
    (10012,'De Leon','Selena ','2022-09-27','8:00:00','17:00:00'),
    (10013,'Romualdez','Fredrick ','2022-09-27','8:00:00','17:00:00'),
    (10014,'Bautista','Mark ','2022-09-27','8:00:00','17:00:00'),
    (10015,'Lazaro','Darlene ','2022-09-27','8:00:00','17:00:00'),
    (10016,'Delos Santos','Kolby ','2022-09-27','8:00:00','17:00:00'),
    (10017,'Santos','Vella ','2022-09-27','0:00:00','0:00:00'),
    (10018,'Del Rosario','Tomas','2022-09-27','8:00:00','17:00:00'),
    (10019,'Tolentino','Jacklyn ','2022-09-27','8:00:00','17:00:00'),
    (10020,'Gutierrez','Percival ','2022-09-27','8:00:00','17:00:00'),
    (10021,'Manalaysay','Garfield ','2022-09-27','8:00:00','17:00:00'),
    (10022,'Villegas','Lizeth ','2022-09-27','8:00:00','17:00:00'),
    (10023,'Ramos','Carol ','2022-09-27','8:00:00','17:00:00'),
    (10024,'Maceda','Emelia ','2022-09-27','8:00:00','17:00:00'),
    (10025,'Aguilar','Delia ','2022-09-27','8:00:00','17:00:00'),
    (10001,'Crisostomo','Jose','2022-09-28','8:00:00','17:00:00'),
    (10002,'Mata','Christian','2022-09-28','8:00:00','17:00:00'),
    (10003,'San Jose','Brad ','2022-09-28','8:00:00','17:00:00'),
    (10004,'Salcedo','Anthony','2022-09-28','8:00:00','17:00:00'),
    (10005,'Romualdez','Alice','2022-09-28','8:00:00','17:00:00'),
    (10006,'Atienza','Rosie ','2022-09-28','8:00:00','17:00:00'),
    (10007,'Farala','Martha','2022-09-28','8:00:00','17:00:00'),
    (10008,'Martinez','Leila','2022-09-28','8:00:00','17:00:00'),
    (10009,'San Jose','Allison ','2022-09-28','8:00:00','17:00:00'),
    (10010,'Rosario','Cydney ','2022-09-28','8:00:00','17:00:00'),
    (10011,'Lopez','Josie ','2022-09-28','8:00:00','17:00:00'),
    (10012,'De Leon','Selena ','2022-09-28','8:00:00','17:00:00'),
    (10013,'Romualdez','Fredrick ','2022-09-28','10:00:00','17:00:00'),
    (10014,'Bautista','Mark ','2022-09-28','10:00:00','17:00:00'),
    (10015,'Lazaro','Darlene ','2022-09-28','10:00:00','17:00:00'),
    (10016,'Delos Santos','Kolby ','2022-09-28','10:00:00','17:00:00'),
    (10017,'Santos','Vella ','2022-09-28','10:00:00','17:00:00'),
    (10018,'Del Rosario','Tomas','2022-09-28','10:00:00','17:00:00'),
    (10019,'Tolentino','Jacklyn ','2022-09-28','10:00:00','17:00:00'),
    (10020,'Gutierrez','Percival ','2022-09-28','10:00:00','17:00:00'),
    (10021,'Manalaysay','Garfield ','2022-09-28','10:00:00','17:00:00'),
    (10022,'Villegas','Lizeth ','2022-09-28','10:00:00','17:00:00'),
    (10023,'Ramos','Carol ','2022-09-28','10:00:00','17:00:00'),
    (10024,'Maceda','Emelia ','2022-09-28','10:00:00','17:00:00'),
    (10025,'Aguilar','Delia ','2022-09-28','10:00:00','17:00:00'),
    (10001,'Crisostomo','Jose','2022-09-29','8:00:00','17:00:00'),
    (10002,'Mata','Christian','2022-09-29','8:00:00','17:00:00'),
    (10003,'San Jose','Brad ','2022-09-29','8:00:00','17:00:00'),
    (10004,'Salcedo','Anthony','2022-09-29','8:00:00','17:00:00'),
    (10005,'Romualdez','Alice','2022-09-29','8:00:00','17:00:00'),
    (10006,'Atienza','Rosie ','2022-09-29','8:00:00','17:00:00'),
    (10007,'Farala','Martha','2022-09-29','8:00:00','17:00:00'),
    (10008,'Martinez','Leila','2022-09-29','8:00:00','17:00:00'),
    (10009,'San Jose','Allison ','2022-09-29','8:00:00','17:00:00'),
    (10010,'Rosario','Cydney ','2022-09-29','8:00:00','17:00:00'),
    (10011,'Lopez','Josie ','2022-09-29','8:00:00','17:00:00'),
    (10012,'De Leon','Selena ','2022-09-29','8:00:00','17:00:00'),
    (10013,'Romualdez','Fredrick ','2022-09-29','8:00:00','17:00:00'),
    (10014,'Bautista','Mark ','2022-09-29','8:00:00','17:00:00'),
    (10015,'Lazaro','Darlene ','2022-09-29','8:00:00','17:00:00'),
    (10016,'Delos Santos','Kolby ','2022-09-29','8:00:00','17:00:00'),
    (10017,'Santos','Vella ','2022-09-29','8:00:00','17:00:00'),
    (10018,'Del Rosario','Tomas','2022-09-29','8:00:00','17:00:00'),
    (10019,'Tolentino','Jacklyn ','2022-09-29','8:00:00','17:00:00'),
    (10020,'Gutierrez','Percival ','2022-09-29','8:00:00','17:00:00'),
    (10021,'Manalaysay','Garfield ','2022-09-29','8:00:00','17:00:00'),
    (10022,'Villegas','Lizeth ','2022-09-29','8:00:00','17:00:00'),
    (10023,'Ramos','Carol ','2022-09-29','8:00:00','17:00:00'),
    (10024,'Maceda','Emelia ','2022-09-29','8:00:00','17:00:00'),
    (10025,'Aguilar','Delia ','2022-09-29','8:00:00','17:00:00'),
    (10001,'Crisostomo','Jose','2022-09-30','8:00:00','17:00:00'),
    (10002,'Mata','Christian','2022-09-30','8:00:00','17:00:00'),
    (10003,'San Jose','Brad ','2022-09-30','8:00:00','17:00:00'),
    (10004,'Salcedo','Anthony','2022-09-30','8:00:00','17:00:00'),
    (10005,'Romualdez','Alice','2022-09-30','8:00:00','17:00:00'),
    (10006,'Atienza','Rosie ','2022-09-30','8:00:00','17:00:00'),
    (10007,'Farala','Martha','2022-09-30','8:27:00','17:00:00'),
    (10008,'Martinez','Leila','2022-09-30','8:01:00','17:00:00'),
    (10009,'San Jose','Allison ','2022-09-30','8:05:00','17:00:00'),
    (10010,'Rosario','Cydney ','2022-09-30','8:00:00','17:00:00'),
    (10011,'Lopez','Josie ','2022-09-30','8:00:00','17:00:00'),
    (10012,'De Leon','Selena ','2022-09-30','8:00:00','17:00:00'),
    (10013,'Romualdez','Fredrick ','2022-09-30','8:00:00','17:00:00'),
    (10014,'Bautista','Mark ','2022-09-30','8:00:00','17:00:00'),
    (10015,'Lazaro','Darlene ','2022-09-30','8:00:00','17:00:00'),
    (10016,'Delos Santos','Kolby ','2022-09-30','8:28:00','17:00:00'),
    (10017,'Santos','Vella ','2022-09-30','8:00:00','17:00:00'),
    (10018,'Del Rosario','Tomas','2022-09-30','8:00:00','17:00:00'),
    (10019,'Tolentino','Jacklyn ','2022-09-30','8:00:00','17:00:00'),
    (10020,'Gutierrez','Percival ','2022-09-30','8:00:00','17:00:00'),
    (10021,'Manalaysay','Garfield ','2022-09-30','8:11:00','17:00:00'),
    (10022,'Villegas','Lizeth ','2022-09-30','8:00:00','17:00:00'),
    (10023,'Ramos','Carol ','2022-09-30','8:00:00','17:00:00'),
    (10024,'Maceda','Emelia ','2022-09-30','8:21:00','17:00:00'),
    (10025,'Aguilar','Delia ','2022-09-30','8:00:00','17:00:00'),
    (10001,'Crisostomo','Jose','2022-03-10','8:00:00','17:00:00'),
    (10002,'Mata','Christian','2022-03-10','8:00:00','17:00:00'),
    (10003,'San Jose','Brad ','2022-03-10','8:00:00','17:00:00'),
    (10004,'Salcedo','Anthony','2022-03-10','8:00:00','17:00:00'),
    (10005,'Romualdez','Alice','2022-03-10','8:00:00','17:00:00'),
    (10006,'Atienza','Rosie ','2022-03-10','8:00:00','17:00:00'),
    (10007,'Farala','Martha','2022-03-10','8:00:00','17:00:00'),
    (10008,'Martinez','Leila','2022-03-10','8:00:00','17:00:00'),
    (10009,'San Jose','Allison ','2022-03-10','8:00:00','17:00:00'),
    (10010,'Rosario','Cydney ','2022-03-10','8:00:00','17:00:00'),
    (10011,'Lopez','Josie ','2022-03-10','8:00:00','17:00:00'),
    (10012,'De Leon','Selena ','2022-03-10','8:00:00','17:00:00'),
    (10013,'Romualdez','Fredrick ','2022-03-10','8:00:00','17:00:00'),
    (10014,'Bautista','Mark ','2022-03-10','8:00:00','17:00:00'),
    (10015,'Lazaro','Darlene ','2022-03-10','8:00:00','17:00:00'),
    (10016,'Delos Santos','Kolby ','2022-03-10','8:00:00','17:00:00'),
    (10017,'Santos','Vella ','2022-03-10','8:00:00','17:00:00'),
    (10018,'Del Rosario','Tomas','2022-03-10','8:00:00','17:00:00'),
    (10019,'Tolentino','Jacklyn ','2022-03-10','8:00:00','17:00:00'),
    (10020,'Gutierrez','Percival ','2022-03-10','8:00:00','17:00:00'),
    (10021,'Manalaysay','Garfield ','2022-03-10','8:00:00','17:00:00'),
    (10022,'Villegas','Lizeth ','2022-03-10','8:00:00','17:00:00'),
    (10023,'Ramos','Carol ','2022-03-10','8:00:00','17:00:00'),
    (10024,'Maceda','Emelia ','2022-03-10','8:00:00','17:00:00'),
    (10025,'Aguilar','Delia ','2022-03-10','8:00:00','17:00:00'),
    (10001,'Crisostomo','Jose','2022-04-10','8:00:00','17:00:00'),
    (10002,'Mata','Christian','2022-04-10','8:00:00','17:00:00'),
    (10003,'San Jose','Brad ','2022-04-10','8:00:00','17:00:00'),
    (10004,'Salcedo','Anthony','2022-04-10','8:00:00','17:00:00'),
    (10005,'Romualdez','Alice','2022-04-10','8:15:00','17:00:00'),
    (10006,'Atienza','Rosie ','2022-04-10','8:00:00','17:00:00'),
    (10007,'Farala','Martha','2022-04-10','8:00:00','17:00:00'),
    (10008,'Martinez','Leila','2022-04-10','8:00:00','17:00:00'),
    (10009,'San Jose','Allison ','2022-04-10','8:00:00','17:00:00'),
    (10010,'Rosario','Cydney ','2022-04-10','8:00:00','17:00:00'),
    (10011,'Lopez','Josie ','2022-04-10','10:30:00','17:00:00'),
    (10012,'De Leon','Selena ','2022-04-10','8:00:00','17:00:00'),
    (10013,'Romualdez','Fredrick ','2022-04-10','8:00:00','17:00:00'),
    (10014,'Bautista','Mark ','2022-04-10','8:00:00','17:00:00'),
    (10015,'Lazaro','Darlene ','2022-04-10','8:00:00','17:00:00'),
    (10016,'Delos Santos','Kolby ','2022-04-10','8:00:00','17:00:00'),
    (10017,'Santos','Vella ','2022-04-10','8:00:00','17:00:00'),
    (10018,'Del Rosario','Tomas','2022-04-10','8:00:00','17:00:00'),
    (10019,'Tolentino','Jacklyn ','2022-04-10','8:00:00','17:00:00'),
    (10020,'Gutierrez','Percival ','2022-04-10','8:00:00','17:00:00'),
    (10021,'Manalaysay','Garfield ','2022-04-10','13:00:00','17:00:00'),
    (10022,'Villegas','Lizeth ','2022-04-10','8:00:00','17:00:00'),
    (10023,'Ramos','Carol ','2022-04-10','8:00:00','17:00:00'),
    (10024,'Maceda','Emelia ','2022-04-10','8:00:00','17:00:00'),
    (10025,'Aguilar','Delia ','2022-04-10','8:00:00','17:00:00'),
    (10001,'Crisostomo','Jose','2022-05-10','8:00:00','17:00:00'),
    (10002,'Mata','Christian','2022-05-10','8:00:00','17:00:00'),
    (10003,'San Jose','Brad ','2022-05-10','11:30:00','17:00:00'),
    (10004,'Salcedo','Anthony','2022-05-10','8:00:00','17:00:00'),
    (10005,'Romualdez','Alice','2022-05-10','8:00:00','17:00:00'),
    (10006,'Atienza','Rosie ','2022-05-10','8:00:00','17:00:00'),
    (10007,'Farala','Martha','2022-05-10','8:00:00','17:00:00'),
    (10008,'Martinez','Leila','2022-05-10','8:10:00','17:00:00'),
    (10009,'San Jose','Allison ','2022-05-10','0:00:00','0:00:00'),
    (10010,'Rosario','Cydney ','2022-05-10','8:00:00','17:00:00'),
    (10011,'Lopez','Josie ','2022-05-10','8:00:00','17:00:00'),
    (10012,'De Leon','Selena ','2022-05-10','8:00:00','17:00:00'),
    (10013,'Romualdez','Fredrick ','2022-05-10','8:00:00','17:00:00'),
    (10014,'Bautista','Mark ','2022-05-10','8:00:00','17:00:00'),
    (10015,'Lazaro','Darlene ','2022-05-10','8:00:00','17:00:00'),
    (10016,'Delos Santos','Kolby ','2022-05-10','8:00:00','17:00:00'),
    (10017,'Santos','Vella ','2022-05-10','8:05:00','17:00:00'),
    (10018,'Del Rosario','Tomas','2022-05-10','8:00:00','17:00:00'),
    (10019,'Tolentino','Jacklyn ','2022-05-10','8:00:00','17:00:00'),
    (10020,'Gutierrez','Percival ','2022-05-10','8:00:00','17:00:00'),
    (10021,'Manalaysay','Garfield ','2022-05-10','8:00:00','17:00:00'),
    (10022,'Villegas','Lizeth ','2022-05-10','8:00:00','17:00:00'),
    (10023,'Ramos','Carol ','2022-05-10','9:00:00','17:00:00'),
    (10024,'Maceda','Emelia ','2022-05-10','8:00:00','17:00:00'),
    (10025,'Aguilar','Delia ','2022-05-10','8:00:00','17:00:00'),
    (10001,'Crisostomo','Jose','2022-06-10','8:00:00','17:00:00'),
    (10002,'Mata','Christian','2022-06-10','8:00:00','17:00:00'),
    (10003,'San Jose','Brad ','2022-06-10','8:00:00','17:00:00'),
    (10004,'Salcedo','Anthony','2022-06-10','8:00:00','17:00:00'),
    (10005,'Romualdez','Alice','2022-06-10','8:00:00','17:00:00'),
    (10006,'Atienza','Rosie ','2022-06-10','8:00:00','17:00:00'),
    (10007,'Farala','Martha','2022-06-10','8:00:00','17:00:00'),
    (10008,'Martinez','Leila','2022-06-10','8:00:00','17:00:00'),
    (10009,'San Jose','Allison ','2022-06-10','8:00:00','17:00:00'),
    (10010,'Rosario','Cydney ','2022-06-10','8:00:00','17:00:00'),
    (10011,'Lopez','Josie ','2022-06-10','8:00:00','17:00:00'),
    (10012,'De Leon','Selena ','2022-06-10','8:00:00','17:00:00'),
    (10013,'Romualdez','Fredrick ','2022-06-10','8:00:00','17:00:00'),
    (10014,'Bautista','Mark ','2022-06-10','8:00:00','17:00:00'),
    (10015,'Lazaro','Darlene ','2022-06-10','8:00:00','17:00:00'),
    (10016,'Delos Santos','Kolby ','2022-06-10','8:00:00','17:00:00'),
    (10017,'Santos','Vella ','2022-06-10','8:00:00','17:00:00'),
    (10018,'Del Rosario','Tomas','2022-06-10','8:00:00','17:00:00'),
    (10019,'Tolentino','Jacklyn ','2022-06-10','8:00:00','17:00:00'),
    (10020,'Gutierrez','Percival ','2022-06-10','8:00:00','17:00:00'),
    (10021,'Manalaysay','Garfield ','2022-06-10','8:00:00','17:00:00'),
    (10022,'Villegas','Lizeth ','2022-06-10','8:00:00','17:00:00'),
    (10023,'Ramos','Carol ','2022-06-10','8:00:00','17:00:00'),
    (10024,'Maceda','Emelia ','2022-06-10','8:00:00','17:00:00'),
    (10025,'Aguilar','Delia ','2022-06-10','8:00:00','17:00:00'),
    (10001,'Crisostomo','Jose','2022-07-10','8:00:00','17:00:00'),
    (10002,'Mata','Christian','2022-07-10','8:00:00','17:00:00'),
    (10003,'San Jose','Brad ','2022-07-10','8:00:00','17:00:00'),
    (10004,'Salcedo','Anthony','2022-07-10','8:00:00','17:00:00'),
    (10005,'Romualdez','Alice','2022-07-10','8:00:00','17:00:00'),
    (10006,'Atienza','Rosie ','2022-07-10','8:00:00','17:00:00'),
    (10007,'Farala','Martha','2022-07-10','8:00:00','17:00:00'),
    (10008,'Martinez','Leila','2022-07-10','8:00:00','17:00:00'),
    (10009,'San Jose','Allison ','2022-07-10','8:00:00','17:00:00'),
    (10010,'Rosario','Cydney ','2022-07-10','8:00:00','17:00:00'),
    (10011,'Lopez','Josie ','2022-07-10','8:00:00','17:00:00'),
    (10012,'De Leon','Selena ','2022-07-10','8:00:00','17:00:00'),
    (10013,'Romualdez','Fredrick ','2022-07-10','10:00:00','17:00:00'),
    (10014,'Bautista','Mark ','2022-07-10','0:00:00','0:00:00'),
    (10015,'Lazaro','Darlene ','2022-07-10','10:00:00','17:00:00'),
    (10016,'Delos Santos','Kolby ','2022-07-10','10:00:00','17:00:00'),
    (10017,'Santos','Vella ','2022-07-10','10:00:00','17:00:00'),
    (10018,'Del Rosario','Tomas','2022-07-10','10:00:00','17:00:00'),
    (10019,'Tolentino','Jacklyn ','2022-07-10','10:00:00','17:00:00'),
    (10020,'Gutierrez','Percival ','2022-07-10','10:00:00','17:00:00'),
    (10021,'Manalaysay','Garfield ','2022-07-10','10:00:00','17:00:00'),
    (10022,'Villegas','Lizeth ','2022-07-10','10:00:00','17:00:00'),
    (10023,'Ramos','Carol ','2022-07-10','10:00:00','17:00:00'),
    (10024,'Maceda','Emelia ','2022-07-10','10:00:00','17:00:00'),
    (10025,'Aguilar','Delia ','2022-07-10','10:00:00','17:00:00'),
    (10001,'Crisostomo','Jose','2022-10-10','8:00:00','17:00:00'),
    (10002,'Mata','Christian','2022-10-10','8:00:00','17:00:00'),
    (10003,'San Jose','Brad ','2022-10-10','8:00:00','17:00:00'),
    (10004,'Salcedo','Anthony','2022-10-10','8:00:00','17:00:00'),
    (10005,'Romualdez','Alice','2022-10-10','8:00:00','17:00:00'),
    (10006,'Atienza','Rosie ','2022-10-10','8:00:00','17:00:00'),
    (10007,'Farala','Martha','2022-10-10','8:00:00','17:00:00'),
    (10008,'Martinez','Leila','2022-10-10','8:00:00','17:00:00'),
    (10009,'San Jose','Allison ','2022-10-10','8:00:00','17:00:00'),
    (10010,'Rosario','Cydney ','2022-10-10','8:00:00','17:00:00'),
    (10011,'Lopez','Josie ','2022-10-10','8:00:00','17:00:00'),
    (10012,'De Leon','Selena ','2022-10-10','8:00:00','17:00:00'),
    (10013,'Romualdez','Fredrick ','2022-10-10','8:00:00','17:00:00'),
    (10014,'Bautista','Mark ','2022-10-10','8:00:00','17:00:00'),
    (10015,'Lazaro','Darlene ','2022-10-10','8:00:00','17:00:00'),
    (10016,'Delos Santos','Kolby ','2022-10-10','8:00:00','17:00:00'),
    (10017,'Santos','Vella ','2022-10-10','8:00:00','17:00:00'),
    (10018,'Del Rosario','Tomas','2022-10-10','8:00:00','17:00:00'),
    (10019,'Tolentino','Jacklyn ','2022-10-10','8:00:00','17:00:00'),
    (10020,'Gutierrez','Percival ','2022-10-10','8:00:00','17:00:00'),
    (10021,'Manalaysay','Garfield ','2022-10-10','8:00:00','17:00:00'),
    (10022,'Villegas','Lizeth ','2022-10-10','8:00:00','17:00:00'),
    (10023,'Ramos','Carol ','2022-10-10','8:00:00','17:00:00'),
    (10024,'Maceda','Emelia ','2022-10-10','8:00:00','17:00:00'),
    (10025,'Aguilar','Delia ','2022-10-10','8:00:00','17:00:00'),
    (10001,'Crisostomo','Jose','2022-11-10','8:00:00','17:00:00'),
    (10002,'Mata','Christian','2022-11-10','8:00:00','17:00:00'),
    (10003,'San Jose','Brad ','2022-11-10','8:00:00','17:00:00'),
    (10004,'Salcedo','Anthony','2022-11-10','8:00:00','17:00:00'),
    (10005,'Romualdez','Alice','2022-11-10','8:00:00','17:00:00'),
    (10006,'Atienza','Rosie ','2022-11-10','8:00:00','17:00:00'),
    (10007,'Farala','Martha','2022-11-10','8:27:00','17:00:00'),
    (10008,'Martinez','Leila','2022-11-10','8:01:00','17:00:00'),
    (10009,'San Jose','Allison ','2022-11-10','8:05:00','17:00:00'),
    (10010,'Rosario','Cydney ','2022-11-10','0:00:00','0:00:00'),
    (10011,'Lopez','Josie ','2022-11-10','8:00:00','17:00:00'),
    (10012,'De Leon','Selena ','2022-11-10','8:00:00','17:00:00'),
    (10013,'Romualdez','Fredrick ','2022-11-10','8:00:00','17:00:00'),
    (10014,'Bautista','Mark ','2022-11-10','8:00:00','17:00:00'),
    (10015,'Lazaro','Darlene ','2022-11-10','8:00:00','17:00:00'),
    (10016,'Delos Santos','Kolby ','2022-11-10','8:28:00','17:00:00'),
    (10017,'Santos','Vella ','2022-11-10','8:00:00','17:00:00'),
    (10018,'Del Rosario','Tomas','2022-11-10','8:00:00','17:00:00'),
    (10019,'Tolentino','Jacklyn ','2022-11-10','8:00:00','17:00:00'),
    (10020,'Gutierrez','Percival ','2022-11-10','8:00:00','17:00:00'),
    (10021,'Manalaysay','Garfield ','2022-11-10','8:11:00','17:00:00'),
    (10022,'Villegas','Lizeth ','2022-11-10','8:00:00','17:00:00'),
    (10023,'Ramos','Carol ','2022-11-10','8:00:00','17:00:00'),
    (10024,'Maceda','Emelia ','2022-11-10','8:21:00','17:00:00'),
    (10025,'Aguilar','Delia ','2022-11-10','8:00:00','17:00:00'),
    (10001,'Crisostomo','Jose','2022-12-10','8:00:00','17:00:00'),
    (10002,'Mata','Christian','2022-12-10','8:00:00','17:00:00'),
    (10003,'San Jose','Brad ','2022-12-10','8:00:00','17:00:00'),
    (10004,'Salcedo','Anthony','2022-12-10','8:00:00','17:00:00'),
    (10005,'Romualdez','Alice','2022-12-10','8:00:00','17:00:00'),
    (10006,'Atienza','Rosie ','2022-12-10','8:00:00','17:00:00'),
    (10007,'Farala','Martha','2022-12-10','8:00:00','17:00:00'),
    (10008,'Martinez','Leila','2022-12-10','8:00:00','17:00:00'),
    (10009,'San Jose','Allison ','2022-12-10','8:00:00','17:00:00'),
    (10010,'Rosario','Cydney ','2022-12-10','8:00:00','17:00:00'),
    (10011,'Lopez','Josie ','2022-12-10','8:00:00','17:00:00'),
    (10012,'De Leon','Selena ','2022-12-10','8:00:00','17:00:00'),
    (10013,'Romualdez','Fredrick ','2022-12-10','8:00:00','17:00:00'),
    (10014,'Bautista','Mark ','2022-12-10','8:00:00','17:00:00'),
    (10015,'Lazaro','Darlene ','2022-12-10','8:00:00','17:00:00'),
    (10016,'Delos Santos','Kolby ','2022-12-10','8:00:00','17:00:00'),
    (10017,'Santos','Vella ','2022-12-10','8:00:00','17:00:00'),
    (10018,'Del Rosario','Tomas','2022-12-10','8:00:00','17:00:00'),
    (10019,'Tolentino','Jacklyn ','2022-12-10','8:00:00','17:00:00'),
    (10020,'Gutierrez','Percival ','2022-12-10','8:00:00','17:00:00'),
    (10021,'Manalaysay','Garfield ','2022-12-10','8:00:00','17:00:00'),
    (10022,'Villegas','Lizeth ','2022-12-10','8:00:00','17:00:00'),
    (10023,'Ramos','Carol ','2022-12-10','8:00:00','17:00:00'),
    (10024,'Maceda','Emelia ','2022-12-10','8:00:00','17:00:00'),
    (10025,'Aguilar','Delia ','2022-12-10','8:00:00','17:00:00'),
    (10001,'Crisostomo','Jose','2022-10-13','8:00:00','17:00:00'),
    (10002,'Mata','Christian','2022-10-13','8:00:00','17:00:00'),
    (10003,'San Jose','Brad ','2022-10-13','8:00:00','17:00:00'),
    (10004,'Salcedo','Anthony','2022-10-13','8:00:00','17:00:00'),
    (10005,'Romualdez','Alice','2022-10-13','8:15:00','17:00:00'),
    (10006,'Atienza','Rosie ','2022-10-13','8:00:00','17:00:00'),
    (10007,'Farala','Martha','2022-10-13','8:00:00','17:00:00'),
    (10008,'Martinez','Leila','2022-10-13','8:00:00','17:00:00'),
    (10009,'San Jose','Allison ','2022-10-13','8:00:00','17:00:00'),
    (10010,'Rosario','Cydney ','2022-10-13','8:00:00','17:00:00'),
    (10011,'Lopez','Josie ','2022-10-13','10:30:00','17:00:00'),
    (10012,'De Leon','Selena ','2022-10-13','8:00:00','17:00:00'),
    (10013,'Romualdez','Fredrick ','2022-10-13','8:00:00','17:00:00'),
    (10014,'Bautista','Mark ','2022-10-13','8:00:00','17:00:00'),
    (10015,'Lazaro','Darlene ','2022-10-13','8:00:00','17:00:00'),
    (10016,'Delos Santos','Kolby ','2022-10-13','8:00:00','17:00:00'),
    (10017,'Santos','Vella ','2022-10-13','8:00:00','17:00:00'),
    (10018,'Del Rosario','Tomas','2022-10-13','8:00:00','17:00:00'),
    (10019,'Tolentino','Jacklyn ','2022-10-13','8:00:00','17:00:00'),
    (10020,'Gutierrez','Percival ','2022-10-13','8:00:00','17:00:00'),
    (10021,'Manalaysay','Garfield ','2022-10-13','13:00:00','17:00:00'),
    (10022,'Villegas','Lizeth ','2022-10-13','8:00:00','17:00:00'),
    (10023,'Ramos','Carol ','2022-10-13','8:00:00','17:00:00'),
    (10024,'Maceda','Emelia ','2022-10-13','8:00:00','17:00:00'),
    (10025,'Aguilar','Delia ','2022-10-13','8:00:00','17:00:00'),
    (10001,'Crisostomo','Jose','2022-10-14','8:00:00','17:00:00'),
    (10002,'Mata','Christian','2022-10-14','8:00:00','17:00:00'),
    (10003,'San Jose','Brad ','2022-10-14','11:30:00','17:00:00'),
    (10004,'Salcedo','Anthony','2022-10-14','8:00:00','17:00:00'),
    (10005,'Romualdez','Alice','2022-10-14','8:00:00','17:00:00'),
    (10006,'Atienza','Rosie ','2022-10-14','8:00:00','17:00:00'),
    (10007,'Farala','Martha','2022-10-14','8:00:00','17:00:00'),
    (10008,'Martinez','Leila','2022-10-14','8:10:00','17:00:00'),
    (10009,'San Jose','Allison ','2022-10-14','8:00:00','17:00:00'),
    (10010,'Rosario','Cydney ','2022-10-14','8:00:00','17:00:00'),
    (10011,'Lopez','Josie ','2022-10-14','8:00:00','17:00:00'),
    (10012,'De Leon','Selena ','2022-10-14','8:00:00','17:00:00'),
    (10013,'Romualdez','Fredrick ','2022-10-14','8:00:00','17:00:00'),
    (10014,'Bautista','Mark ','2022-10-14','8:00:00','17:00:00'),
    (10015,'Lazaro','Darlene ','2022-10-14','8:00:00','17:00:00'),
    (10016,'Delos Santos','Kolby ','2022-10-14','8:00:00','17:00:00'),
    (10017,'Santos','Vella ','2022-10-14','8:05:00','17:00:00'),
    (10018,'Del Rosario','Tomas','2022-10-14','8:00:00','17:00:00'),
    (10019,'Tolentino','Jacklyn ','2022-10-14','8:00:00','17:00:00'),
    (10020,'Gutierrez','Percival ','2022-10-14','8:00:00','17:00:00'),
    (10021,'Manalaysay','Garfield ','2022-10-14','8:00:00','17:00:00'),
    (10022,'Villegas','Lizeth ','2022-10-14','8:00:00','17:00:00'),
    (10023,'Ramos','Carol ','2022-10-14','9:00:00','17:00:00'),
    (10024,'Maceda','Emelia ','2022-10-14','8:00:00','17:00:00'),
    (10025,'Aguilar','Delia ','2022-10-14','8:00:00','17:00:00'),
    (10001,'Crisostomo','Jose','2022-10-17','8:00:00','17:00:00'),
    (10002,'Mata','Christian','2022-10-17','8:00:00','17:00:00'),
    (10003,'San Jose','Brad ','2022-10-17','8:00:00','17:00:00'),
    (10004,'Salcedo','Anthony','2022-10-17','8:00:00','17:00:00'),
    (10005,'Romualdez','Alice','2022-10-17','8:00:00','17:00:00'),
    (10006,'Atienza','Rosie ','2022-10-17','8:00:00','17:00:00'),
    (10007,'Farala','Martha','2022-10-17','8:00:00','17:00:00'),
    (10008,'Martinez','Leila','2022-10-17','8:00:00','17:00:00'),
    (10009,'San Jose','Allison ','2022-10-17','8:00:00','17:00:00'),
    (10010,'Rosario','Cydney ','2022-10-17','8:00:00','17:00:00'),
    (10011,'Lopez','Josie ','2022-10-17','8:00:00','17:00:00'),
    (10012,'De Leon','Selena ','2022-10-17','8:00:00','17:00:00'),
    (10013,'Romualdez','Fredrick ','2022-10-17','8:00:00','17:00:00'),
    (10014,'Bautista','Mark ','2022-10-17','8:00:00','17:00:00'),
    (10015,'Lazaro','Darlene ','2022-10-17','8:00:00','17:00:00'),
    (10016,'Delos Santos','Kolby ','2022-10-17','8:00:00','17:00:00'),
    (10017,'Santos','Vella ','2022-10-17','8:00:00','17:00:00'),
    (10018,'Del Rosario','Tomas','2022-10-17','8:00:00','17:00:00'),
    (10019,'Tolentino','Jacklyn ','2022-10-17','8:00:00','17:00:00'),
    (10020,'Gutierrez','Percival ','2022-10-17','8:00:00','17:00:00'),
    (10021,'Manalaysay','Garfield ','2022-10-17','8:00:00','17:00:00'),
    (10022,'Villegas','Lizeth ','2022-10-17','8:00:00','17:00:00'),
    (10023,'Ramos','Carol ','2022-10-17','8:00:00','17:00:00'),
    (10024,'Maceda','Emelia ','2022-10-17','8:00:00','17:00:00'),
    (10025,'Aguilar','Delia ','2022-10-17','8:00:00','17:00:00'),
    (10001,'Crisostomo','Jose','2022-10-18','8:00:00','17:00:00'),
    (10002,'Mata','Christian','2022-10-18','8:00:00','17:00:00'),
    (10003,'San Jose','Brad ','2022-10-18','8:00:00','17:00:00'),
    (10004,'Salcedo','Anthony','2022-10-18','8:00:00','17:00:00'),
    (10005,'Romualdez','Alice','2022-10-18','8:00:00','17:00:00'),
    (10006,'Atienza','Rosie ','2022-10-18','8:00:00','17:00:00'),
    (10007,'Farala','Martha','2022-10-18','8:00:00','17:00:00'),
    (10008,'Martinez','Leila','2022-10-18','8:00:00','17:00:00'),
    (10009,'San Jose','Allison ','2022-10-18','8:00:00','17:00:00'),
    (10010,'Rosario','Cydney ','2022-10-18','8:00:00','17:00:00'),
    (10011,'Lopez','Josie ','2022-10-18','8:00:00','17:00:00'),
    (10012,'De Leon','Selena ','2022-10-18','8:00:00','17:00:00'),
    (10013,'Romualdez','Fredrick ','2022-10-18','10:00:00','17:00:00'),
    (10014,'Bautista','Mark ','2022-10-18','10:00:00','17:00:00'),
    (10015,'Lazaro','Darlene ','2022-10-18','10:00:00','17:00:00'),
    (10016,'Delos Santos','Kolby ','2022-10-18','0:00:00','0:00:00'),
    (10017,'Santos','Vella ','2022-10-18','10:00:00','17:00:00'),
    (10018,'Del Rosario','Tomas','2022-10-18','10:00:00','17:00:00'),
    (10019,'Tolentino','Jacklyn ','2022-10-18','10:00:00','17:00:00'),
    (10020,'Gutierrez','Percival ','2022-10-18','10:00:00','17:00:00'),
    (10021,'Manalaysay','Garfield ','2022-10-18','10:00:00','17:00:00'),
    (10022,'Villegas','Lizeth ','2022-10-18','10:00:00','17:00:00'),
    (10023,'Ramos','Carol ','2022-10-18','10:00:00','17:00:00'),
    (10024,'Maceda','Emelia ','2022-10-18','10:00:00','17:00:00'),
    (10025,'Aguilar','Delia ','2022-10-18','10:00:00','17:00:00'),
    (10001,'Crisostomo','Jose','2022-10-19','8:00:00','17:00:00'),
    (10002,'Mata','Christian','2022-10-19','8:00:00','17:00:00'),
    (10003,'San Jose','Brad ','2022-10-19','8:00:00','17:00:00'),
    (10004,'Salcedo','Anthony','2022-10-19','8:00:00','17:00:00'),
    (10005,'Romualdez','Alice','2022-10-19','8:00:00','17:00:00'),
    (10006,'Atienza','Rosie ','2022-10-19','8:00:00','17:00:00'),
    (10007,'Farala','Martha','2022-10-19','8:00:00','17:00:00'),
    (10008,'Martinez','Leila','2022-10-19','8:00:00','17:00:00'),
    (10009,'San Jose','Allison ','2022-10-19','8:00:00','17:00:00'),
    (10010,'Rosario','Cydney ','2022-10-19','8:00:00','17:00:00'),
    (10011,'Lopez','Josie ','2022-10-19','8:00:00','17:00:00'),
    (10012,'De Leon','Selena ','2022-10-19','8:00:00','17:00:00'),
    (10013,'Romualdez','Fredrick ','2022-10-19','8:00:00','17:00:00'),
    (10014,'Bautista','Mark ','2022-10-19','8:00:00','17:00:00'),
    (10015,'Lazaro','Darlene ','2022-10-19','8:00:00','17:00:00'),
    (10016,'Delos Santos','Kolby ','2022-10-19','8:00:00','17:00:00'),
    (10017,'Santos','Vella ','2022-10-19','8:00:00','17:00:00'),
    (10018,'Del Rosario','Tomas','2022-10-19','8:00:00','17:00:00'),
    (10019,'Tolentino','Jacklyn ','2022-10-19','8:00:00','17:00:00'),
    (10020,'Gutierrez','Percival ','2022-10-19','8:00:00','17:00:00'),
    (10021,'Manalaysay','Garfield ','2022-10-19','8:00:00','17:00:00'),
    (10022,'Villegas','Lizeth ','2022-10-19','8:00:00','17:00:00'),
    (10023,'Ramos','Carol ','2022-10-19','8:00:00','17:00:00'),
    (10024,'Maceda','Emelia ','2022-10-19','8:00:00','17:00:00'),
    (10025,'Aguilar','Delia ','2022-10-19','8:00:00','17:00:00'),
    (10001,'Crisostomo','Jose','2022-10-20','8:00:00','17:00:00'),
    (10002,'Mata','Christian','2022-10-20','8:00:00','17:00:00'),
    (10003,'San Jose','Brad ','2022-10-20','8:00:00','17:00:00'),
    (10004,'Salcedo','Anthony','2022-10-20','8:00:00','17:00:00'),
    (10005,'Romualdez','Alice','2022-10-20','8:00:00','17:00:00'),
    (10006,'Atienza','Rosie ','2022-10-20','8:00:00','17:00:00'),
    (10007,'Farala','Martha','2022-10-20','8:27:00','17:00:00'),
    (10008,'Martinez','Leila','2022-10-20','8:01:00','17:00:00'),
    (10009,'San Jose','Allison ','2022-10-20','8:05:00','17:00:00'),
    (10010,'Rosario','Cydney ','2022-10-20','8:00:00','17:00:00'),
    (10011,'Lopez','Josie ','2022-10-20','8:00:00','17:00:00'),
    (10012,'De Leon','Selena ','2022-10-20','8:00:00','17:00:00'),
    (10013,'Romualdez','Fredrick ','2022-10-20','8:00:00','17:00:00'),
    (10014,'Bautista','Mark ','2022-10-20','8:00:00','17:00:00'),
    (10015,'Lazaro','Darlene ','2022-10-20','8:00:00','17:00:00'),
    (10016,'Delos Santos','Kolby ','2022-10-20','8:28:00','17:00:00'),
    (10017,'Santos','Vella ','2022-10-20','8:00:00','17:00:00'),
    (10018,'Del Rosario','Tomas','2022-10-20','8:00:00','17:00:00'),
    (10019,'Tolentino','Jacklyn ','2022-10-20','8:00:00','17:00:00'),
    (10020,'Gutierrez','Percival ','2022-10-20','8:00:00','17:00:00'),
    (10021,'Manalaysay','Garfield ','2022-10-20','8:11:00','17:00:00'),
    (10022,'Villegas','Lizeth ','2022-10-20','8:00:00','17:00:00'),
    (10023,'Ramos','Carol ','2022-10-20','8:00:00','17:00:00'),
    (10024,'Maceda','Emelia ','2022-10-20','8:21:00','17:00:00'),
    (10025,'Aguilar','Delia ','2022-10-20','8:00:00','17:00:00'),
    (10001,'Crisostomo','Jose','2022-10-21','8:00:00','17:00:00'),
    (10002,'Mata','Christian','2022-10-21','8:00:00','17:00:00'),
    (10003,'San Jose','Brad ','2022-10-21','8:00:00','17:00:00'),
    (10004,'Salcedo','Anthony','2022-10-21','8:00:00','17:00:00'),
    (10005,'Romualdez','Alice','2022-10-21','8:00:00','17:00:00'),
    (10006,'Atienza','Rosie ','2022-10-21','8:00:00','17:00:00'),
    (10007,'Farala','Martha','2022-10-21','8:00:00','17:00:00'),
    (10008,'Martinez','Leila','2022-10-21','8:00:00','17:00:00'),
    (10009,'San Jose','Allison ','2022-10-21','8:00:00','17:00:00'),
    (10010,'Rosario','Cydney ','2022-10-21','0:00:00','0:00:00'),
    (10011,'Lopez','Josie ','2022-10-21','8:00:00','17:00:00'),
    (10012,'De Leon','Selena ','2022-10-21','8:00:00','17:00:00'),
    (10013,'Romualdez','Fredrick ','2022-10-21','8:00:00','17:00:00'),
    (10014,'Bautista','Mark ','2022-10-21','8:00:00','17:00:00'),
    (10015,'Lazaro','Darlene ','2022-10-21','8:00:00','17:00:00'),
    (10016,'Delos Santos','Kolby ','2022-10-21','8:00:00','17:00:00'),
    (10017,'Santos','Vella ','2022-10-21','8:00:00','17:00:00'),
    (10018,'Del Rosario','Tomas','2022-10-21','8:00:00','17:00:00'),
    (10019,'Tolentino','Jacklyn ','2022-10-21','8:00:00','17:00:00'),
    (10020,'Gutierrez','Percival ','2022-10-21','8:00:00','17:00:00'),
    (10021,'Manalaysay','Garfield ','2022-10-21','8:00:00','17:00:00'),
    (10022,'Villegas','Lizeth ','2022-10-21','8:00:00','17:00:00'),
    (10023,'Ramos','Carol ','2022-10-21','8:00:00','17:00:00'),
    (10024,'Maceda','Emelia ','2022-10-21','8:00:00','17:00:00'),
    (10025,'Aguilar','Delia ','2022-10-21','8:00:00','17:00:00'),
    (10001,'Crisostomo','Jose','2022-10-24','8:00:00','17:00:00'),
    (10002,'Mata','Christian','2022-10-24','8:00:00','17:00:00'),
    (10003,'San Jose','Brad ','2022-10-24','8:00:00','17:00:00'),
    (10004,'Salcedo','Anthony','2022-10-24','8:00:00','17:00:00'),
    (10005,'Romualdez','Alice','2022-10-24','8:15:00','17:00:00'),
    (10006,'Atienza','Rosie ','2022-10-24','8:00:00','17:00:00'),
    (10007,'Farala','Martha','2022-10-24','8:00:00','17:00:00'),
    (10008,'Martinez','Leila','2022-10-24','8:00:00','17:00:00'),
    (10009,'San Jose','Allison ','2022-10-24','8:00:00','17:00:00'),
    (10010,'Rosario','Cydney ','2022-10-24','8:00:00','17:00:00'),
    (10011,'Lopez','Josie ','2022-10-24','10:30:00','17:00:00'),
    (10012,'De Leon','Selena ','2022-10-24','8:00:00','17:00:00'),
    (10013,'Romualdez','Fredrick ','2022-10-24','8:00:00','17:00:00'),
    (10014,'Bautista','Mark ','2022-10-24','8:00:00','17:00:00'),
    (10015,'Lazaro','Darlene ','2022-10-24','8:00:00','17:00:00'),
    (10016,'Delos Santos','Kolby ','2022-10-24','8:00:00','17:00:00'),
    (10017,'Santos','Vella ','2022-10-24','8:00:00','17:00:00'),
    (10018,'Del Rosario','Tomas','2022-10-24','8:00:00','17:00:00'),
    (10019,'Tolentino','Jacklyn ','2022-10-24','8:00:00','17:00:00'),
    (10020,'Gutierrez','Percival ','2022-10-24','8:00:00','17:00:00'),
    (10021,'Manalaysay','Garfield ','2022-10-24','13:00:00','17:00:00'),
    (10022,'Villegas','Lizeth ','2022-10-24','8:00:00','17:00:00'),
    (10023,'Ramos','Carol ','2022-10-24','8:00:00','17:00:00'),
    (10024,'Maceda','Emelia ','2022-10-24','8:00:00','17:00:00'),
    (10025,'Aguilar','Delia ','2022-10-24','8:00:00','17:00:00'),
    (10001,'Crisostomo','Jose','2022-10-25','8:00:00','17:00:00'),
    (10002,'Mata','Christian','2022-10-25','8:00:00','17:00:00'),
    (10003,'San Jose','Brad ','2022-10-25','11:30:00','17:00:00'),
    (10004,'Salcedo','Anthony','2022-10-25','8:00:00','17:00:00'),
    (10005,'Romualdez','Alice','2022-10-25','8:00:00','17:00:00'),
    (10006,'Atienza','Rosie ','2022-10-25','8:00:00','17:00:00'),
    (10007,'Farala','Martha','2022-10-25','8:00:00','17:00:00'),
    (10008,'Martinez','Leila','2022-10-25','8:10:00','17:00:00'),
    (10009,'San Jose','Allison ','2022-10-25','8:00:00','17:00:00'),
    (10010,'Rosario','Cydney ','2022-10-25','8:00:00','17:00:00'),
    (10011,'Lopez','Josie ','2022-10-25','8:00:00','17:00:00'),
    (10012,'De Leon','Selena ','2022-10-25','8:00:00','17:00:00'),
    (10013,'Romualdez','Fredrick ','2022-10-25','8:00:00','17:00:00'),
    (10014,'Bautista','Mark ','2022-10-25','8:00:00','17:00:00'),
    (10015,'Lazaro','Darlene ','2022-10-25','8:00:00','17:00:00'),
    (10016,'Delos Santos','Kolby ','2022-10-25','8:00:00','17:00:00'),
    (10017,'Santos','Vella ','2022-10-25','8:05:00','17:00:00'),
    (10018,'Del Rosario','Tomas','2022-10-25','8:00:00','17:00:00'),
    (10019,'Tolentino','Jacklyn ','2022-10-25','8:00:00','17:00:00'),
    (10020,'Gutierrez','Percival ','2022-10-25','8:00:00','17:00:00'),
    (10021,'Manalaysay','Garfield ','2022-10-25','8:00:00','17:00:00'),
    (10022,'Villegas','Lizeth ','2022-10-25','8:00:00','17:00:00'),
    (10023,'Ramos','Carol ','2022-10-25','9:00:00','17:00:00'),
    (10024,'Maceda','Emelia ','2022-10-25','8:00:00','17:00:00'),
    (10025,'Aguilar','Delia ','2022-10-25','8:00:00','17:00:00'),
    (10001,'Crisostomo','Jose','2022-10-26','8:00:00','17:00:00'),
    (10002,'Mata','Christian','2022-10-26','8:00:00','17:00:00'),
    (10003,'San Jose','Brad ','2022-10-26','8:00:00','17:00:00'),
    (10004,'Salcedo','Anthony','2022-10-26','8:00:00','17:00:00'),
    (10005,'Romualdez','Alice','2022-10-26','8:00:00','17:00:00'),
    (10006,'Atienza','Rosie ','2022-10-26','8:00:00','17:00:00'),
    (10007,'Farala','Martha','2022-10-26','8:00:00','17:00:00'),
    (10008,'Martinez','Leila','2022-10-26','8:00:00','17:00:00'),
    (10009,'San Jose','Allison ','2022-10-26','8:00:00','17:00:00'),
    (10010,'Rosario','Cydney ','2022-10-26','8:00:00','17:00:00'),
    (10011,'Lopez','Josie ','2022-10-26','8:00:00','17:00:00'),
    (10012,'De Leon','Selena ','2022-10-26','8:00:00','17:00:00'),
    (10013,'Romualdez','Fredrick ','2022-10-26','8:00:00','17:00:00'),
    (10014,'Bautista','Mark ','2022-10-26','8:00:00','17:00:00'),
    (10015,'Lazaro','Darlene ','2022-10-26','8:00:00','17:00:00'),
    (10016,'Delos Santos','Kolby ','2022-10-26','8:00:00','17:00:00'),
    (10017,'Santos','Vella ','2022-10-26','8:00:00','17:00:00'),
    (10018,'Del Rosario','Tomas','2022-10-26','8:00:00','17:00:00'),
    (10019,'Tolentino','Jacklyn ','2022-10-26','8:00:00','17:00:00'),
    (10020,'Gutierrez','Percival ','2022-10-26','8:00:00','17:00:00'),
    (10021,'Manalaysay','Garfield ','2022-10-26','8:00:00','17:00:00'),
    (10022,'Villegas','Lizeth ','2022-10-26','8:00:00','17:00:00'),
    (10023,'Ramos','Carol ','2022-10-26','8:00:00','17:00:00'),
    (10024,'Maceda','Emelia ','2022-10-26','8:00:00','17:00:00'),
    (10025,'Aguilar','Delia ','2022-10-26','8:00:00','17:00:00'),
    (10001,'Crisostomo','Jose','2022-10-27','8:00:00','17:00:00'),
    (10002,'Mata','Christian','2022-10-27','8:00:00','17:00:00'),
    (10003,'San Jose','Brad ','2022-10-27','8:00:00','17:00:00'),
    (10004,'Salcedo','Anthony','2022-10-27','8:00:00','17:00:00'),
    (10005,'Romualdez','Alice','2022-10-27','8:00:00','17:00:00'),
    (10006,'Atienza','Rosie ','2022-10-27','8:00:00','17:00:00'),
    (10007,'Farala','Martha','2022-10-27','8:00:00','17:00:00'),
    (10008,'Martinez','Leila','2022-10-27','8:00:00','17:00:00'),
    (10009,'San Jose','Allison ','2022-10-27','8:00:00','17:00:00'),
    (10010,'Rosario','Cydney ','2022-10-27','8:00:00','17:00:00'),
    (10011,'Lopez','Josie ','2022-10-27','8:00:00','17:00:00'),
    (10012,'De Leon','Selena ','2022-10-27','8:00:00','17:00:00'),
    (10013,'Romualdez','Fredrick ','2022-10-27','10:00:00','17:00:00'),
    (10014,'Bautista','Mark ','2022-10-27','10:00:00','17:00:00'),
    (10015,'Lazaro','Darlene ','2022-10-27','10:00:00','17:00:00'),
    (10016,'Delos Santos','Kolby ','2022-10-27','10:00:00','17:00:00'),
    (10017,'Santos','Vella ','2022-10-27','10:00:00','17:00:00'),
    (10018,'Del Rosario','Tomas','2022-10-27','0:00:00','0:00:00'),
    (10019,'Tolentino','Jacklyn ','2022-10-27','10:00:00','17:00:00'),
    (10020,'Gutierrez','Percival ','2022-10-27','10:00:00','17:00:00'),
    (10021,'Manalaysay','Garfield ','2022-10-27','10:00:00','17:00:00'),
    (10022,'Villegas','Lizeth ','2022-10-27','10:00:00','17:00:00'),
    (10023,'Ramos','Carol ','2022-10-27','10:00:00','17:00:00'),
    (10024,'Maceda','Emelia ','2022-10-27','10:00:00','17:00:00'),
    (10025,'Aguilar','Delia ','2022-10-27','10:00:00','17:00:00'),
    (10001,'Crisostomo','Jose','2022-10-28','8:00:00','17:00:00'),
    (10002,'Mata','Christian','2022-10-28','8:00:00','17:00:00'),
    (10003,'San Jose','Brad ','2022-10-28','8:00:00','17:00:00'),
    (10004,'Salcedo','Anthony','2022-10-28','8:00:00','17:00:00'),
    (10005,'Romualdez','Alice','2022-10-28','8:00:00','17:00:00'),
    (10006,'Atienza','Rosie ','2022-10-28','8:00:00','17:00:00'),
    (10007,'Farala','Martha','2022-10-28','8:00:00','17:00:00'),
    (10008,'Martinez','Leila','2022-10-28','8:00:00','17:00:00'),
    (10009,'San Jose','Allison ','2022-10-28','8:00:00','17:00:00'),
    (10010,'Rosario','Cydney ','2022-10-28','8:00:00','17:00:00'),
    (10011,'Lopez','Josie ','2022-10-28','8:00:00','17:00:00'),
    (10012,'De Leon','Selena ','2022-10-28','8:00:00','17:00:00'),
    (10013,'Romualdez','Fredrick ','2022-10-28','8:00:00','17:00:00'),
    (10014,'Bautista','Mark ','2022-10-28','8:00:00','17:00:00'),
    (10015,'Lazaro','Darlene ','2022-10-28','8:00:00','17:00:00'),
    (10016,'Delos Santos','Kolby ','2022-10-28','8:00:00','17:00:00'),
    (10017,'Santos','Vella ','2022-10-28','8:00:00','17:00:00'),
    (10018,'Del Rosario','Tomas','2022-10-28','8:00:00','17:00:00'),
    (10019,'Tolentino','Jacklyn ','2022-10-28','8:00:00','17:00:00'),
    (10020,'Gutierrez','Percival ','2022-10-28','8:00:00','17:00:00'),
    (10021,'Manalaysay','Garfield ','2022-10-28','8:00:00','17:00:00'),
    (10022,'Villegas','Lizeth ','2022-10-28','8:00:00','17:00:00'),
    (10023,'Ramos','Carol ','2022-10-28','8:00:00','17:00:00'),
    (10024,'Maceda','Emelia ','2022-10-28','8:00:00','17:00:00'),
    (10025,'Aguilar','Delia ','2022-10-28','8:00:00','17:00:00'),
    (10001,'Crisostomo','Jose','2022-10-31','8:00:00','17:00:00'),
    (10002,'Mata','Christian','2022-10-31','8:00:00','17:00:00'),
    (10003,'San Jose','Brad ','2022-10-31','8:00:00','17:00:00'),
    (10004,'Salcedo','Anthony','2022-10-31','8:00:00','17:00:00'),
    (10005,'Romualdez','Alice','2022-10-31','8:00:00','17:00:00'),
    (10006,'Atienza','Rosie ','2022-10-31','8:00:00','17:00:00'),
    (10007,'Farala','Martha','2022-10-31','8:27:00','17:00:00'),
    (10008,'Martinez','Leila','2022-10-31','8:01:00','17:00:00'),
    (10009,'San Jose','Allison ','2022-10-31','8:05:00','17:00:00'),
    (10010,'Rosario','Cydney ','2022-10-31','8:00:00','17:00:00'),
    (10011,'Lopez','Josie ','2022-10-31','8:00:00','17:00:00'),
    (10012,'De Leon','Selena ','2022-10-31','8:00:00','17:00:00'),
    (10013,'Romualdez','Fredrick ','2022-10-31','8:00:00','17:00:00'),
    (10014,'Bautista','Mark ','2022-10-31','8:00:00','17:00:00'),
    (10015,'Lazaro','Darlene ','2022-10-31','8:00:00','17:00:00'),
    (10016,'Delos Santos','Kolby ','2022-10-31','8:28:00','17:00:00'),
    (10017,'Santos','Vella ','2022-10-31','8:00:00','17:00:00'),
    (10018,'Del Rosario','Tomas','2022-10-31','8:00:00','17:00:00'),
    (10019,'Tolentino','Jacklyn ','2022-10-31','8:00:00','17:00:00'),
    (10020,'Gutierrez','Percival ','2022-10-31','8:00:00','17:00:00'),
    (10021,'Manalaysay','Garfield ','2022-10-31','8:11:00','17:00:00'),
    (10022,'Villegas','Lizeth ','2022-10-31','8:00:00','17:00:00'),
    (10023,'Ramos','Carol ','2022-10-31','8:00:00','17:00:00'),
    (10024,'Maceda','Emelia ','2022-10-31','8:21:00','17:00:00'),
    (10025,'Aguilar','Delia ','2022-10-31','8:00:00','17:00:00'),
    (10001,'Crisostomo','Jose','2022-01-11','0:00:00','0:00:00'),
    (10002,'Mata','Christian','2022-01-11','0:00:00','0:00:00'),
    (10003,'San Jose','Brad ','2022-01-11','0:00:00','0:00:00'),
    (10004,'Salcedo','Anthony','2022-01-11','0:00:00','0:00:00'),
    (10005,'Romualdez','Alice','2022-01-11','0:00:00','0:00:00'),
    (10006,'Atienza','Rosie ','2022-01-11','0:00:00','0:00:00'),
    (10007,'Farala','Martha','2022-01-11','0:00:00','0:00:00'),
    (10008,'Martinez','Leila','2022-01-11','0:00:00','0:00:00'),
    (10009,'San Jose','Allison ','2022-01-11','0:00:00','0:00:00'),
    (10010,'Rosario','Cydney ','2022-01-11','0:00:00','0:00:00'),
    (10011,'Lopez','Josie ','2022-01-11','0:00:00','0:00:00'),
    (10012,'De Leon','Selena ','2022-01-11','0:00:00','0:00:00'),
    (10013,'Romualdez','Fredrick ','2022-01-11','0:00:00','0:00:00'),
    (10014,'Bautista','Mark ','2022-01-11','0:00:00','0:00:00'),
    (10015,'Lazaro','Darlene ','2022-01-11','0:00:00','0:00:00'),
    (10016,'Delos Santos','Kolby ','2022-01-11','0:00:00','0:00:00'),
    (10017,'Santos','Vella ','2022-01-11','0:00:00','0:00:00'),
    (10018,'Del Rosario','Tomas','2022-01-11','0:00:00','0:00:00'),
    (10019,'Tolentino','Jacklyn ','2022-01-11','0:00:00','0:00:00'),
    (10020,'Gutierrez','Percival ','2022-01-11','0:00:00','0:00:00'),
    (10021,'Manalaysay','Garfield ','2022-01-11','0:00:00','0:00:00'),
    (10022,'Villegas','Lizeth ','2022-01-11','0:00:00','0:00:00'),
    (10023,'Ramos','Carol ','2022-01-11','0:00:00','0:00:00'),
    (10024,'Maceda','Emelia ','2022-01-11','0:00:00','0:00:00'),
    (10025,'Aguilar','Delia ','2022-01-11','0:00:00','0:00:00'),
    (10001,'Crisostomo','Jose','2022-02-11','8:00:00','17:00:00'),
    (10002,'Mata','Christian','2022-02-11','8:00:00','17:00:00'),
    (10003,'San Jose','Brad ','2022-02-11','8:00:00','17:00:00'),
    (10004,'Salcedo','Anthony','2022-02-11','8:00:00','17:00:00'),
    (10005,'Romualdez','Alice','2022-02-11','8:15:00','17:00:00'),
    (10006,'Atienza','Rosie ','2022-02-11','8:00:00','17:00:00'),
    (10007,'Farala','Martha','2022-02-11','8:00:00','17:00:00'),
    (10008,'Martinez','Leila','2022-02-11','8:00:00','17:00:00'),
    (10009,'San Jose','Allison ','2022-02-11','8:00:00','17:00:00'),
    (10010,'Rosario','Cydney ','2022-02-11','8:00:00','17:00:00'),
    (10011,'Lopez','Josie ','2022-02-11','10:30:00','17:00:00'),
    (10012,'De Leon','Selena ','2022-02-11','8:00:00','17:00:00'),
    (10013,'Romualdez','Fredrick ','2022-02-11','8:00:00','17:00:00'),
    (10014,'Bautista','Mark ','2022-02-11','8:00:00','17:00:00'),
    (10015,'Lazaro','Darlene ','2022-02-11','8:00:00','17:00:00'),
    (10016,'Delos Santos','Kolby ','2022-02-11','8:00:00','17:00:00'),
    (10017,'Santos','Vella ','2022-02-11','8:00:00','17:00:00'),
    (10018,'Del Rosario','Tomas','2022-02-11','8:00:00','17:00:00'),
    (10019,'Tolentino','Jacklyn ','2022-02-11','8:00:00','17:00:00'),
    (10020,'Gutierrez','Percival ','2022-02-11','8:00:00','17:00:00'),
    (10021,'Manalaysay','Garfield ','2022-02-11','13:00:00','17:00:00'),
    (10022,'Villegas','Lizeth ','2022-02-11','8:00:00','17:00:00'),
    (10023,'Ramos','Carol ','2022-02-11','8:00:00','17:00:00'),
    (10024,'Maceda','Emelia ','2022-02-11','8:00:00','17:00:00'),
    (10025,'Aguilar','Delia ','2022-02-11','8:00:00','17:00:00'),
    (10001,'Crisostomo','Jose','2022-03-11','8:00:00','17:00:00'),
    (10002,'Mata','Christian','2022-03-11','8:00:00','17:00:00'),
    (10003,'San Jose','Brad ','2022-03-11','11:30:00','17:00:00'),
    (10004,'Salcedo','Anthony','2022-03-11','8:00:00','17:00:00'),
    (10005,'Romualdez','Alice','2022-03-11','8:00:00','17:00:00'),
    (10006,'Atienza','Rosie ','2022-03-11','8:00:00','17:00:00'),
    (10007,'Farala','Martha','2022-03-11','8:00:00','17:00:00'),
    (10008,'Martinez','Leila','2022-03-11','8:10:00','17:00:00'),
    (10009,'San Jose','Allison ','2022-03-11','8:00:00','17:00:00'),
    (10010,'Rosario','Cydney ','2022-03-11','8:00:00','17:00:00'),
    (10011,'Lopez','Josie ','2022-03-11','8:00:00','17:00:00'),
    (10012,'De Leon','Selena ','2022-03-11','8:00:00','17:00:00'),
    (10013,'Romualdez','Fredrick ','2022-03-11','8:00:00','17:00:00'),
    (10014,'Bautista','Mark ','2022-03-11','8:00:00','17:00:00'),
    (10015,'Lazaro','Darlene ','2022-03-11','8:00:00','17:00:00'),
    (10016,'Delos Santos','Kolby ','2022-03-11','8:00:00','17:00:00'),
    (10017,'Santos','Vella ','2022-03-11','8:05:00','17:00:00'),
    (10018,'Del Rosario','Tomas','2022-03-11','8:00:00','17:00:00'),
    (10019,'Tolentino','Jacklyn ','2022-03-11','8:00:00','17:00:00'),
    (10020,'Gutierrez','Percival ','2022-03-11','8:00:00','17:00:00'),
    (10021,'Manalaysay','Garfield ','2022-03-11','8:00:00','17:00:00'),
    (10022,'Villegas','Lizeth ','2022-03-11','8:00:00','17:00:00'),
    (10023,'Ramos','Carol ','2022-03-11','9:00:00','17:00:00'),
    (10024,'Maceda','Emelia ','2022-03-11','8:00:00','17:00:00'),
    (10025,'Aguilar','Delia ','2022-03-11','8:00:00','17:00:00'),
    (10001,'Crisostomo','Jose','2022-04-11','8:00:00','17:00:00'),
    (10002,'Mata','Christian','2022-04-11','8:00:00','17:00:00'),
    (10003,'San Jose','Brad ','2022-04-11','8:00:00','17:00:00'),
    (10004,'Salcedo','Anthony','2022-04-11','8:00:00','17:00:00'),
    (10005,'Romualdez','Alice','2022-04-11','8:00:00','17:00:00'),
    (10006,'Atienza','Rosie ','2022-04-11','8:00:00','17:00:00'),
    (10007,'Farala','Martha','2022-04-11','8:00:00','17:00:00'),
    (10008,'Martinez','Leila','2022-04-11','8:00:00','17:00:00'),
    (10009,'San Jose','Allison ','2022-04-11','8:00:00','17:00:00'),
    (10010,'Rosario','Cydney ','2022-04-11','8:00:00','17:00:00'),
    (10011,'Lopez','Josie ','2022-04-11','8:00:00','17:00:00'),
    (10012,'De Leon','Selena ','2022-04-11','8:00:00','17:00:00'),
    (10013,'Romualdez','Fredrick ','2022-04-11','8:00:00','17:00:00'),
    (10014,'Bautista','Mark ','2022-04-11','8:00:00','17:00:00'),
    (10015,'Lazaro','Darlene ','2022-04-11','8:00:00','17:00:00'),
    (10016,'Delos Santos','Kolby ','2022-04-11','8:00:00','17:00:00'),
    (10017,'Santos','Vella ','2022-04-11','8:00:00','17:00:00'),
    (10018,'Del Rosario','Tomas','2022-04-11','8:00:00','17:00:00'),
    (10019,'Tolentino','Jacklyn ','2022-04-11','8:00:00','17:00:00'),
    (10020,'Gutierrez','Percival ','2022-04-11','8:00:00','17:00:00'),
    (10021,'Manalaysay','Garfield ','2022-04-11','8:00:00','17:00:00'),
    (10022,'Villegas','Lizeth ','2022-04-11','8:00:00','17:00:00'),
    (10023,'Ramos','Carol ','2022-04-11','0:00:00','0:00:00'),
    (10024,'Maceda','Emelia ','2022-04-11','8:00:00','17:00:00'),
    (10025,'Aguilar','Delia ','2022-04-11','8:00:00','17:00:00'),
    (10001,'Crisostomo','Jose','2022-07-11','8:00:00','17:00:00'),
    (10002,'Mata','Christian','2022-07-11','8:00:00','17:00:00'),
    (10003,'San Jose','Brad ','2022-07-11','8:00:00','17:00:00'),
    (10004,'Salcedo','Anthony','2022-07-11','8:00:00','17:00:00'),
    (10005,'Romualdez','Alice','2022-07-11','8:00:00','17:00:00'),
    (10006,'Atienza','Rosie ','2022-07-11','8:00:00','17:00:00'),
    (10007,'Farala','Martha','2022-07-11','8:00:00','17:00:00'),
    (10008,'Martinez','Leila','2022-07-11','8:00:00','17:00:00'),
    (10009,'San Jose','Allison ','2022-07-11','8:00:00','17:00:00'),
    (10010,'Rosario','Cydney ','2022-07-11','8:00:00','17:00:00'),
    (10011,'Lopez','Josie ','2022-07-11','8:00:00','17:00:00'),
    (10012,'De Leon','Selena ','2022-07-11','8:00:00','17:00:00'),
    (10013,'Romualdez','Fredrick ','2022-07-11','10:00:00','17:00:00'),
    (10014,'Bautista','Mark ','2022-07-11','10:00:00','17:00:00'),
    (10015,'Lazaro','Darlene ','2022-07-11','10:00:00','17:00:00'),
    (10016,'Delos Santos','Kolby ','2022-07-11','10:00:00','17:00:00'),
    (10017,'Santos','Vella ','2022-07-11','10:00:00','17:00:00'),
    (10018,'Del Rosario','Tomas','2022-07-11','10:00:00','17:00:00'),
    (10019,'Tolentino','Jacklyn ','2022-07-11','10:00:00','17:00:00'),
    (10020,'Gutierrez','Percival ','2022-07-11','10:00:00','17:00:00'),
    (10021,'Manalaysay','Garfield ','2022-07-11','10:00:00','17:00:00'),
    (10022,'Villegas','Lizeth ','2022-07-11','10:00:00','17:00:00'),
    (10023,'Ramos','Carol ','2022-07-11','10:00:00','17:00:00'),
    (10024,'Maceda','Emelia ','2022-07-11','10:00:00','17:00:00'),
    (10025,'Aguilar','Delia ','2022-07-11','10:00:00','17:00:00'),
    (10001,'Crisostomo','Jose','2022-08-11','8:00:00','17:00:00'),
    (10002,'Mata','Christian','2022-08-11','8:00:00','17:00:00'),
    (10003,'San Jose','Brad ','2022-08-11','8:00:00','17:00:00'),
    (10004,'Salcedo','Anthony','2022-08-11','8:00:00','17:00:00'),
    (10005,'Romualdez','Alice','2022-08-11','8:00:00','17:00:00'),
    (10006,'Atienza','Rosie ','2022-08-11','8:00:00','17:00:00'),
    (10007,'Farala','Martha','2022-08-11','8:00:00','17:00:00'),
    (10008,'Martinez','Leila','2022-08-11','8:00:00','17:00:00'),
    (10009,'San Jose','Allison ','2022-08-11','8:00:00','17:00:00'),
    (10010,'Rosario','Cydney ','2022-08-11','8:00:00','17:00:00'),
    (10011,'Lopez','Josie ','2022-08-11','8:00:00','17:00:00'),
    (10012,'De Leon','Selena ','2022-08-11','8:00:00','17:00:00'),
    (10013,'Romualdez','Fredrick ','2022-08-11','8:00:00','17:00:00'),
    (10014,'Bautista','Mark ','2022-08-11','8:00:00','17:00:00'),
    (10015,'Lazaro','Darlene ','2022-08-11','8:00:00','17:00:00'),
    (10016,'Delos Santos','Kolby ','2022-08-11','8:00:00','17:00:00'),
    (10017,'Santos','Vella ','2022-08-11','8:00:00','17:00:00'),
    (10018,'Del Rosario','Tomas','2022-08-11','8:00:00','17:00:00'),
    (10019,'Tolentino','Jacklyn ','2022-08-11','8:00:00','17:00:00'),
    (10020,'Gutierrez','Percival ','2022-08-11','8:00:00','17:00:00'),
    (10021,'Manalaysay','Garfield ','2022-08-11','8:00:00','17:00:00'),
    (10022,'Villegas','Lizeth ','2022-08-11','8:00:00','17:00:00'),
    (10023,'Ramos','Carol ','2022-08-11','8:00:00','17:00:00'),
    (10024,'Maceda','Emelia ','2022-08-11','8:00:00','17:00:00'),
    (10025,'Aguilar','Delia ','2022-08-11','8:00:00','17:00:00'),
    (10001,'Crisostomo','Jose','2022-09-11','8:00:00','17:00:00'),
    (10002,'Mata','Christian','2022-09-11','8:00:00','17:00:00'),
    (10003,'San Jose','Brad ','2022-09-11','8:00:00','17:00:00'),
    (10004,'Salcedo','Anthony','2022-09-11','8:00:00','17:00:00'),
    (10005,'Romualdez','Alice','2022-09-11','8:00:00','17:00:00'),
    (10006,'Atienza','Rosie ','2022-09-11','8:00:00','17:00:00'),
    (10007,'Farala','Martha','2022-09-11','8:27:00','17:00:00'),
    (10008,'Martinez','Leila','2022-09-11','8:01:00','17:00:00'),
    (10009,'San Jose','Allison ','2022-09-11','8:05:00','17:00:00'),
    (10010,'Rosario','Cydney ','2022-09-11','8:00:00','17:00:00'),
    (10011,'Lopez','Josie ','2022-09-11','8:00:00','17:00:00'),
    (10012,'De Leon','Selena ','2022-09-11','8:00:00','17:00:00'),
    (10013,'Romualdez','Fredrick ','2022-09-11','8:00:00','17:00:00'),
    (10014,'Bautista','Mark ','2022-09-11','8:00:00','17:00:00'),
    (10015,'Lazaro','Darlene ','2022-09-11','8:00:00','17:00:00'),
    (10016,'Delos Santos','Kolby ','2022-09-11','8:28:00','17:00:00'),
    (10017,'Santos','Vella ','2022-09-11','8:00:00','17:00:00'),
    (10018,'Del Rosario','Tomas','2022-09-11','8:00:00','17:00:00'),
    (10019,'Tolentino','Jacklyn ','2022-09-11','8:00:00','17:00:00'),
    (10020,'Gutierrez','Percival ','2022-09-11','8:00:00','17:00:00'),
    (10021,'Manalaysay','Garfield ','2022-09-11','8:11:00','17:00:00'),
    (10022,'Villegas','Lizeth ','2022-09-11','8:00:00','17:00:00'),
    (10023,'Ramos','Carol ','2022-09-11','8:00:00','17:00:00'),
    (10024,'Maceda','Emelia ','2022-09-11','8:21:00','17:00:00'),
    (10025,'Aguilar','Delia ','2022-09-11','8:00:00','17:00:00'),
    (10001,'Crisostomo','Jose','2022-10-11','8:00:00','17:00:00'),
    (10002,'Mata','Christian','2022-10-11','8:00:00','17:00:00'),
    (10003,'San Jose','Brad ','2022-10-11','8:00:00','17:00:00'),
    (10004,'Salcedo','Anthony','2022-10-11','8:00:00','17:00:00'),
    (10005,'Romualdez','Alice','2022-10-11','8:00:00','17:00:00'),
    (10006,'Atienza','Rosie ','2022-10-11','8:00:00','17:00:00'),
    (10007,'Farala','Martha','2022-10-11','8:00:00','17:00:00'),
    (10008,'Martinez','Leila','2022-10-11','8:00:00','17:00:00'),
    (10009,'San Jose','Allison ','2022-10-11','8:00:00','17:00:00'),
    (10010,'Rosario','Cydney ','2022-10-11','8:00:00','17:00:00'),
    (10011,'Lopez','Josie ','2022-10-11','8:00:00','17:00:00'),
    (10012,'De Leon','Selena ','2022-10-11','8:00:00','17:00:00'),
    (10013,'Romualdez','Fredrick ','2022-10-11','8:00:00','17:00:00'),
    (10014,'Bautista','Mark ','2022-10-11','8:00:00','17:00:00'),
    (10015,'Lazaro','Darlene ','2022-10-11','8:00:00','17:00:00'),
    (10016,'Delos Santos','Kolby ','2022-10-11','8:00:00','17:00:00'),
    (10017,'Santos','Vella ','2022-10-11','8:00:00','17:00:00'),
    (10018,'Del Rosario','Tomas','2022-10-11','8:00:00','17:00:00'),
    (10019,'Tolentino','Jacklyn ','2022-10-11','8:00:00','17:00:00'),
    (10020,'Gutierrez','Percival ','2022-10-11','8:00:00','17:00:00'),
    (10021,'Manalaysay','Garfield ','2022-10-11','8:00:00','17:00:00'),
    (10022,'Villegas','Lizeth ','2022-10-11','8:00:00','17:00:00'),
    (10023,'Ramos','Carol ','2022-10-11','8:00:00','17:00:00'),
    (10024,'Maceda','Emelia ','2022-10-11','8:00:00','17:00:00'),
    (10025,'Aguilar','Delia ','2022-10-11','8:00:00','17:00:00'),
    (10001,'Crisostomo','Jose','2022-11-11','8:00:00','17:00:00'),
    (10002,'Mata','Christian','2022-11-11','8:00:00','17:00:00'),
    (10003,'San Jose','Brad ','2022-11-11','8:00:00','17:00:00'),
    (10004,'Salcedo','Anthony','2022-11-11','8:00:00','17:00:00'),
    (10005,'Romualdez','Alice','2022-11-11','8:15:00','17:00:00'),
    (10006,'Atienza','Rosie ','2022-11-11','8:00:00','17:00:00'),
    (10007,'Farala','Martha','2022-11-11','8:00:00','17:00:00'),
    (10008,'Martinez','Leila','2022-11-11','8:00:00','17:00:00'),
    (10009,'San Jose','Allison ','2022-11-11','8:00:00','17:00:00'),
    (10010,'Rosario','Cydney ','2022-11-11','8:00:00','17:00:00'),
    (10011,'Lopez','Josie ','2022-11-11','10:30:00','17:00:00'),
    (10012,'De Leon','Selena ','2022-11-11','8:00:00','17:00:00'),
    (10013,'Romualdez','Fredrick ','2022-11-11','8:00:00','17:00:00'),
    (10014,'Bautista','Mark ','2022-11-11','8:00:00','17:00:00'),
    (10015,'Lazaro','Darlene ','2022-11-11','8:00:00','17:00:00'),
    (10016,'Delos Santos','Kolby ','2022-11-11','8:00:00','17:00:00'),
    (10017,'Santos','Vella ','2022-11-11','8:00:00','17:00:00'),
    (10018,'Del Rosario','Tomas','2022-11-11','8:00:00','17:00:00'),
    (10019,'Tolentino','Jacklyn ','2022-11-11','8:00:00','17:00:00'),
    (10020,'Gutierrez','Percival ','2022-11-11','8:00:00','17:00:00'),
    (10021,'Manalaysay','Garfield ','2022-11-11','13:00:00','17:00:00'),
    (10022,'Villegas','Lizeth ','2022-11-11','8:00:00','17:00:00'),
    (10023,'Ramos','Carol ','2022-11-11','8:00:00','17:00:00'),
    (10024,'Maceda','Emelia ','2022-11-11','8:00:00','17:00:00'),
    (10025,'Aguilar','Delia ','2022-11-11','8:00:00','17:00:00'),
    (10001,'Crisostomo','Jose','2022-11-14','8:00:00','17:00:00'),
    (10002,'Mata','Christian','2022-11-14','8:00:00','17:00:00'),
    (10003,'San Jose','Brad ','2022-11-14','11:30:00','17:00:00'),
    (10004,'Salcedo','Anthony','2022-11-14','8:00:00','17:00:00'),
    (10005,'Romualdez','Alice','2022-11-14','8:00:00','17:00:00'),
    (10006,'Atienza','Rosie ','2022-11-14','8:00:00','17:00:00'),
    (10007,'Farala','Martha','2022-11-14','8:00:00','17:00:00'),
    (10008,'Martinez','Leila','2022-11-14','8:10:00','17:00:00'),
    (10009,'San Jose','Allison ','2022-11-14','8:00:00','17:00:00'),
    (10010,'Rosario','Cydney ','2022-11-14','8:00:00','17:00:00'),
    (10011,'Lopez','Josie ','2022-11-14','8:00:00','17:00:00'),
    (10012,'De Leon','Selena ','2022-11-14','8:00:00','17:00:00'),
    (10013,'Romualdez','Fredrick ','2022-11-14','8:00:00','17:00:00'),
    (10014,'Bautista','Mark ','2022-11-14','8:00:00','17:00:00'),
    (10015,'Lazaro','Darlene ','2022-11-14','8:00:00','17:00:00'),
    (10016,'Delos Santos','Kolby ','2022-11-14','8:00:00','17:00:00'),
    (10017,'Santos','Vella ','2022-11-14','8:05:00','17:00:00'),
    (10018,'Del Rosario','Tomas','2022-11-14','8:00:00','17:00:00'),
    (10019,'Tolentino','Jacklyn ','2022-11-14','8:00:00','17:00:00'),
    (10020,'Gutierrez','Percival ','2022-11-14','8:00:00','17:00:00'),
    (10021,'Manalaysay','Garfield ','2022-11-14','8:00:00','17:00:00'),
    (10022,'Villegas','Lizeth ','2022-11-14','8:00:00','17:00:00'),
    (10023,'Ramos','Carol ','2022-11-14','9:00:00','17:00:00'),
    (10024,'Maceda','Emelia ','2022-11-14','8:00:00','17:00:00'),
    (10025,'Aguilar','Delia ','2022-11-14','8:00:00','17:00:00'),
    (10001,'Crisostomo','Jose','2022-11-15','8:00:00','17:00:00'),
    (10002,'Mata','Christian','2022-11-15','8:00:00','17:00:00'),
    (10003,'San Jose','Brad ','2022-11-15','8:00:00','17:00:00'),
    (10004,'Salcedo','Anthony','2022-11-15','8:00:00','17:00:00'),
    (10005,'Romualdez','Alice','2022-11-15','8:00:00','17:00:00'),
    (10006,'Atienza','Rosie ','2022-11-15','8:00:00','17:00:00'),
    (10007,'Farala','Martha','2022-11-15','8:00:00','17:00:00'),
    (10008,'Martinez','Leila','2022-11-15','8:00:00','17:00:00'),
    (10009,'San Jose','Allison ','2022-11-15','8:00:00','17:00:00'),
    (10010,'Rosario','Cydney ','2022-11-15','8:00:00','17:00:00'),
    (10011,'Lopez','Josie ','2022-11-15','8:00:00','17:00:00'),
    (10012,'De Leon','Selena ','2022-11-15','8:00:00','17:00:00'),
    (10013,'Romualdez','Fredrick ','2022-11-15','8:00:00','17:00:00'),
    (10014,'Bautista','Mark ','2022-11-15','8:00:00','17:00:00'),
    (10015,'Lazaro','Darlene ','2022-11-15','8:00:00','17:00:00'),
    (10016,'Delos Santos','Kolby ','2022-11-15','8:00:00','17:00:00'),
    (10017,'Santos','Vella ','2022-11-15','8:00:00','17:00:00'),
    (10018,'Del Rosario','Tomas','2022-11-15','8:00:00','17:00:00'),
    (10019,'Tolentino','Jacklyn ','2022-11-15','8:00:00','17:00:00'),
    (10020,'Gutierrez','Percival ','2022-11-15','8:00:00','17:00:00'),
    (10021,'Manalaysay','Garfield ','2022-11-15','8:00:00','17:00:00'),
    (10022,'Villegas','Lizeth ','2022-11-15','8:00:00','17:00:00'),
    (10023,'Ramos','Carol ','2022-11-15','8:00:00','17:00:00'),
    (10024,'Maceda','Emelia ','2022-11-15','8:00:00','17:00:00'),
    (10025,'Aguilar','Delia ','2022-11-15','8:00:00','17:00:00'),
    (10001,'Crisostomo','Jose','2022-11-16','8:00:00','17:00:00'),
    (10002,'Mata','Christian','2022-11-16','8:00:00','17:00:00'),
    (10003,'San Jose','Brad ','2022-11-16','8:00:00','17:00:00'),
    (10004,'Salcedo','Anthony','2022-11-16','8:00:00','17:00:00'),
    (10005,'Romualdez','Alice','2022-11-16','8:00:00','17:00:00'),
    (10006,'Atienza','Rosie ','2022-11-16','8:00:00','17:00:00'),
    (10007,'Farala','Martha','2022-11-16','8:00:00','17:00:00'),
    (10008,'Martinez','Leila','2022-11-16','8:00:00','17:00:00'),
    (10009,'San Jose','Allison ','2022-11-16','8:00:00','17:00:00'),
    (10010,'Rosario','Cydney ','2022-11-16','8:00:00','17:00:00'),
    (10011,'Lopez','Josie ','2022-11-16','8:00:00','17:00:00'),
    (10012,'De Leon','Selena ','2022-11-16','8:00:00','17:00:00'),
    (10013,'Romualdez','Fredrick ','2022-11-16','10:00:00','17:00:00'),
    (10014,'Bautista','Mark ','2022-11-16','10:00:00','17:00:00'),
    (10015,'Lazaro','Darlene ','2022-11-16','10:00:00','17:00:00'),
    (10016,'Delos Santos','Kolby ','2022-11-16','10:00:00','17:00:00'),
    (10017,'Santos','Vella ','2022-11-16','10:00:00','17:00:00'),
    (10018,'Del Rosario','Tomas','2022-11-16','10:00:00','17:00:00'),
    (10019,'Tolentino','Jacklyn ','2022-11-16','10:00:00','17:00:00'),
    (10020,'Gutierrez','Percival ','2022-11-16','10:00:00','17:00:00'),
    (10021,'Manalaysay','Garfield ','2022-11-16','10:00:00','17:00:00'),
    (10022,'Villegas','Lizeth ','2022-11-16','10:00:00','17:00:00'),
    (10023,'Ramos','Carol ','2022-11-16','10:00:00','17:00:00'),
    (10024,'Maceda','Emelia ','2022-11-16','10:00:00','17:00:00'),
    (10025,'Aguilar','Delia ','2022-11-16','10:00:00','17:00:00'),
    (10001,'Crisostomo','Jose','2022-11-17','8:00:00','17:00:00'),
    (10002,'Mata','Christian','2022-11-17','8:00:00','17:00:00'),
    (10003,'San Jose','Brad ','2022-11-17','8:00:00','17:00:00'),
    (10004,'Salcedo','Anthony','2022-11-17','8:00:00','17:00:00'),
    (10005,'Romualdez','Alice','2022-11-17','8:00:00','17:00:00'),
    (10006,'Atienza','Rosie ','2022-11-17','8:00:00','17:00:00'),
    (10007,'Farala','Martha','2022-11-17','8:00:00','17:00:00'),
    (10008,'Martinez','Leila','2022-11-17','8:00:00','17:00:00'),
    (10009,'San Jose','Allison ','2022-11-17','8:00:00','17:00:00'),
    (10010,'Rosario','Cydney ','2022-11-17','8:00:00','17:00:00'),
    (10011,'Lopez','Josie ','2022-11-17','8:00:00','17:00:00'),
    (10012,'De Leon','Selena ','2022-11-17','8:00:00','17:00:00'),
    (10013,'Romualdez','Fredrick ','2022-11-17','8:00:00','17:00:00'),
    (10014,'Bautista','Mark ','2022-11-17','8:00:00','17:00:00'),
    (10015,'Lazaro','Darlene ','2022-11-17','8:00:00','17:00:00'),
    (10016,'Delos Santos','Kolby ','2022-11-17','8:00:00','17:00:00'),
    (10017,'Santos','Vella ','2022-11-17','8:00:00','17:00:00'),
    (10018,'Del Rosario','Tomas','2022-11-17','8:00:00','17:00:00'),
    (10019,'Tolentino','Jacklyn ','2022-11-17','8:00:00','17:00:00'),
    (10020,'Gutierrez','Percival ','2022-11-17','8:00:00','17:00:00'),
    (10021,'Manalaysay','Garfield ','2022-11-17','8:00:00','17:00:00'),
    (10022,'Villegas','Lizeth ','2022-11-17','8:00:00','17:00:00'),
    (10023,'Ramos','Carol ','2022-11-17','8:00:00','17:00:00'),
    (10024,'Maceda','Emelia ','2022-11-17','8:00:00','17:00:00'),
    (10025,'Aguilar','Delia ','2022-11-17','8:00:00','17:00:00'),
    (10001,'Crisostomo','Jose','2022-11-18','8:00:00','17:00:00'),
    (10002,'Mata','Christian','2022-11-18','8:00:00','17:00:00'),
    (10003,'San Jose','Brad ','2022-11-18','8:00:00','17:00:00'),
    (10004,'Salcedo','Anthony','2022-11-18','8:00:00','17:00:00'),
    (10005,'Romualdez','Alice','2022-11-18','8:00:00','17:00:00'),
    (10006,'Atienza','Rosie ','2022-11-18','8:00:00','17:00:00'),
    (10007,'Farala','Martha','2022-11-18','8:27:00','17:00:00'),
    (10008,'Martinez','Leila','2022-11-18','8:01:00','17:00:00'),
    (10009,'San Jose','Allison ','2022-11-18','8:05:00','17:00:00'),
    (10010,'Rosario','Cydney ','2022-11-18','8:00:00','17:00:00'),
    (10011,'Lopez','Josie ','2022-11-18','8:00:00','17:00:00'),
    (10012,'De Leon','Selena ','2022-11-18','8:00:00','17:00:00'),
    (10013,'Romualdez','Fredrick ','2022-11-18','8:00:00','17:00:00'),
    (10014,'Bautista','Mark ','2022-11-18','8:00:00','17:00:00'),
    (10015,'Lazaro','Darlene ','2022-11-18','8:00:00','17:00:00'),
    (10016,'Delos Santos','Kolby ','2022-11-18','8:28:00','17:00:00'),
    (10017,'Santos','Vella ','2022-11-18','8:00:00','17:00:00'),
    (10018,'Del Rosario','Tomas','2022-11-18','8:00:00','17:00:00'),
    (10019,'Tolentino','Jacklyn ','2022-11-18','8:00:00','17:00:00'),
    (10020,'Gutierrez','Percival ','2022-11-18','8:00:00','17:00:00'),
    (10021,'Manalaysay','Garfield ','2022-11-18','8:11:00','17:00:00'),
    (10022,'Villegas','Lizeth ','2022-11-18','8:00:00','17:00:00'),
    (10023,'Ramos','Carol ','2022-11-18','8:00:00','17:00:00'),
    (10024,'Maceda','Emelia ','2022-11-18','8:21:00','17:00:00'),
    (10025,'Aguilar','Delia ','2022-11-18','8:00:00','17:00:00'),
    (10001,'Crisostomo','Jose','2022-11-21','8:00:00','17:00:00'),
    (10002,'Mata','Christian','2022-11-21','8:00:00','17:00:00'),
    (10003,'San Jose','Brad ','2022-11-21','8:00:00','17:00:00'),
    (10004,'Salcedo','Anthony','2022-11-21','8:00:00','17:00:00'),
    (10005,'Romualdez','Alice','2022-11-21','8:00:00','17:00:00'),
    (10006,'Atienza','Rosie ','2022-11-21','8:00:00','17:00:00'),
    (10007,'Farala','Martha','2022-11-21','8:00:00','17:00:00'),
    (10008,'Martinez','Leila','2022-11-21','8:00:00','17:00:00'),
    (10009,'San Jose','Allison ','2022-11-21','8:00:00','17:00:00'),
    (10010,'Rosario','Cydney ','2022-11-21','8:00:00','17:00:00'),
    (10011,'Lopez','Josie ','2022-11-21','8:00:00','17:00:00'),
    (10012,'De Leon','Selena ','2022-11-21','8:00:00','17:00:00'),
    (10013,'Romualdez','Fredrick ','2022-11-21','8:00:00','17:00:00'),
    (10014,'Bautista','Mark ','2022-11-21','8:00:00','17:00:00'),
    (10015,'Lazaro','Darlene ','2022-11-21','8:00:00','17:00:00'),
    (10016,'Delos Santos','Kolby ','2022-11-21','8:00:00','17:00:00'),
    (10017,'Santos','Vella ','2022-11-21','8:00:00','17:00:00'),
    (10018,'Del Rosario','Tomas','2022-11-21','8:00:00','17:00:00'),
    (10019,'Tolentino','Jacklyn ','2022-11-21','8:00:00','17:00:00'),
    (10020,'Gutierrez','Percival ','2022-11-21','8:00:00','17:00:00'),
    (10021,'Manalaysay','Garfield ','2022-11-21','8:00:00','17:00:00'),
    (10022,'Villegas','Lizeth ','2022-11-21','8:00:00','17:00:00'),
    (10023,'Ramos','Carol ','2022-11-21','8:00:00','17:00:00'),
    (10024,'Maceda','Emelia ','2022-11-21','8:00:00','17:00:00'),
    (10025,'Aguilar','Delia ','2022-11-21','8:00:00','17:00:00'),
    (10001,'Crisostomo','Jose','2022-11-22','8:00:00','17:00:00'),
    (10002,'Mata','Christian','2022-11-22','8:00:00','17:00:00'),
    (10003,'San Jose','Brad ','2022-11-22','8:00:00','17:00:00'),
    (10004,'Salcedo','Anthony','2022-11-22','8:00:00','17:00:00'),
    (10005,'Romualdez','Alice','2022-11-22','8:15:00','17:00:00'),
    (10006,'Atienza','Rosie ','2022-11-22','8:00:00','17:00:00'),
    (10007,'Farala','Martha','2022-11-22','8:00:00','17:00:00'),
    (10008,'Martinez','Leila','2022-11-22','8:00:00','17:00:00'),
    (10009,'San Jose','Allison ','2022-11-22','8:00:00','17:00:00'),
    (10010,'Rosario','Cydney ','2022-11-22','8:00:00','17:00:00'),
    (10011,'Lopez','Josie ','2022-11-22','10:30:00','17:00:00'),
    (10012,'De Leon','Selena ','2022-11-22','8:00:00','17:00:00'),
    (10013,'Romualdez','Fredrick ','2022-11-22','8:00:00','17:00:00'),
    (10014,'Bautista','Mark ','2022-11-22','8:00:00','17:00:00'),
    (10015,'Lazaro','Darlene ','2022-11-22','8:00:00','17:00:00'),
    (10016,'Delos Santos','Kolby ','2022-11-22','8:00:00','17:00:00'),
    (10017,'Santos','Vella ','2022-11-22','8:00:00','17:00:00'),
    (10018,'Del Rosario','Tomas','2022-11-22','8:00:00','17:00:00'),
    (10019,'Tolentino','Jacklyn ','2022-11-22','8:00:00','17:00:00'),
    (10020,'Gutierrez','Percival ','2022-11-22','8:00:00','17:00:00'),
    (10021,'Manalaysay','Garfield ','2022-11-22','13:00:00','17:00:00'),
    (10022,'Villegas','Lizeth ','2022-11-22','8:00:00','17:00:00'),
    (10023,'Ramos','Carol ','2022-11-22','8:00:00','17:00:00'),
    (10024,'Maceda','Emelia ','2022-11-22','8:00:00','17:00:00'),
    (10025,'Aguilar','Delia ','2022-11-22','8:00:00','17:00:00'),
    (10001,'Crisostomo','Jose','2022-11-23','8:00:00','17:00:00'),
    (10002,'Mata','Christian','2022-11-23','8:00:00','17:00:00'),
    (10003,'San Jose','Brad ','2022-11-23','11:30:00','17:00:00'),
    (10004,'Salcedo','Anthony','2022-11-23','8:00:00','17:00:00'),
    (10005,'Romualdez','Alice','2022-11-23','8:00:00','17:00:00'),
    (10006,'Atienza','Rosie ','2022-11-23','8:00:00','17:00:00'),
    (10007,'Farala','Martha','2022-11-23','8:00:00','17:00:00'),
    (10008,'Martinez','Leila','2022-11-23','8:10:00','17:00:00'),
    (10009,'San Jose','Allison ','2022-11-23','8:00:00','17:00:00'),
    (10010,'Rosario','Cydney ','2022-11-23','8:00:00','17:00:00'),
    (10011,'Lopez','Josie ','2022-11-23','8:00:00','17:00:00'),
    (10012,'De Leon','Selena ','2022-11-23','8:00:00','17:00:00'),
    (10013,'Romualdez','Fredrick ','2022-11-23','8:00:00','17:00:00'),
    (10014,'Bautista','Mark ','2022-11-23','8:00:00','17:00:00'),
    (10015,'Lazaro','Darlene ','2022-11-23','8:00:00','17:00:00'),
    (10016,'Delos Santos','Kolby ','2022-11-23','8:00:00','17:00:00'),
    (10017,'Santos','Vella ','2022-11-23','8:05:00','17:00:00'),
    (10018,'Del Rosario','Tomas','2022-11-23','8:00:00','17:00:00'),
    (10019,'Tolentino','Jacklyn ','2022-11-23','8:00:00','17:00:00'),
    (10020,'Gutierrez','Percival ','2022-11-23','8:00:00','17:00:00'),
    (10021,'Manalaysay','Garfield ','2022-11-23','8:00:00','17:00:00'),
    (10022,'Villegas','Lizeth ','2022-11-23','8:00:00','17:00:00'),
    (10023,'Ramos','Carol ','2022-11-23','9:00:00','17:00:00'),
    (10024,'Maceda','Emelia ','2022-11-23','8:00:00','17:00:00'),
    (10025,'Aguilar','Delia ','2022-11-23','8:00:00','17:00:00'),
    (10001,'Crisostomo','Jose','2022-11-24','8:00:00','17:00:00'),
    (10002,'Mata','Christian','2022-11-24','8:00:00','17:00:00'),
    (10003,'San Jose','Brad ','2022-11-24','8:00:00','17:00:00'),
    (10004,'Salcedo','Anthony','2022-11-24','8:00:00','17:00:00'),
    (10005,'Romualdez','Alice','2022-11-24','8:00:00','17:00:00'),
    (10006,'Atienza','Rosie ','2022-11-24','8:00:00','17:00:00'),
    (10007,'Farala','Martha','2022-11-24','8:00:00','17:00:00'),
    (10008,'Martinez','Leila','2022-11-24','8:00:00','17:00:00'),
    (10009,'San Jose','Allison ','2022-11-24','8:00:00','17:00:00'),
    (10010,'Rosario','Cydney ','2022-11-24','8:00:00','17:00:00'),
    (10011,'Lopez','Josie ','2022-11-24','8:00:00','17:00:00'),
    (10012,'De Leon','Selena ','2022-11-24','8:00:00','17:00:00'),
    (10013,'Romualdez','Fredrick ','2022-11-24','8:00:00','17:00:00'),
    (10014,'Bautista','Mark ','2022-11-24','8:00:00','17:00:00'),
    (10015,'Lazaro','Darlene ','2022-11-24','8:00:00','17:00:00'),
    (10016,'Delos Santos','Kolby ','2022-11-24','8:00:00','17:00:00'),
    (10017,'Santos','Vella ','2022-11-24','8:00:00','17:00:00'),
    (10018,'Del Rosario','Tomas','2022-11-24','8:00:00','17:00:00'),
    (10019,'Tolentino','Jacklyn ','2022-11-24','8:00:00','17:00:00'),
    (10020,'Gutierrez','Percival ','2022-11-24','8:00:00','17:00:00'),
    (10021,'Manalaysay','Garfield ','2022-11-24','8:00:00','17:00:00'),
    (10022,'Villegas','Lizeth ','2022-11-24','8:00:00','17:00:00'),
    (10023,'Ramos','Carol ','2022-11-24','8:00:00','17:00:00'),
    (10024,'Maceda','Emelia ','2022-11-24','8:00:00','17:00:00'),
    (10025,'Aguilar','Delia ','2022-11-24','8:00:00','17:00:00'),
    (10001,'Crisostomo','Jose','2022-11-25','8:00:00','17:00:00'),
    (10002,'Mata','Christian','2022-11-25','8:00:00','17:00:00'),
    (10003,'San Jose','Brad ','2022-11-25','8:00:00','17:00:00'),
    (10004,'Salcedo','Anthony','2022-11-25','8:00:00','17:00:00'),
    (10005,'Romualdez','Alice','2022-11-25','8:00:00','17:00:00'),
    (10006,'Atienza','Rosie ','2022-11-25','8:00:00','17:00:00'),
    (10007,'Farala','Martha','2022-11-25','8:00:00','17:00:00'),
    (10008,'Martinez','Leila','2022-11-25','8:00:00','17:00:00'),
    (10009,'San Jose','Allison ','2022-11-25','8:00:00','17:00:00'),
    (10010,'Rosario','Cydney ','2022-11-25','8:00:00','17:00:00'),
    (10011,'Lopez','Josie ','2022-11-25','8:00:00','17:00:00'),
    (10012,'De Leon','Selena ','2022-11-25','8:00:00','17:00:00'),
    (10013,'Romualdez','Fredrick ','2022-11-25','10:00:00','17:00:00'),
    (10014,'Bautista','Mark ','2022-11-25','10:00:00','17:00:00'),
    (10015,'Lazaro','Darlene ','2022-11-25','10:00:00','17:00:00'),
    (10016,'Delos Santos','Kolby ','2022-11-25','10:00:00','17:00:00'),
    (10017,'Santos','Vella ','2022-11-25','10:00:00','17:00:00'),
    (10018,'Del Rosario','Tomas','2022-11-25','10:00:00','17:00:00'),
    (10019,'Tolentino','Jacklyn ','2022-11-25','10:00:00','17:00:00'),
    (10020,'Gutierrez','Percival ','2022-11-25','10:00:00','17:00:00'),
    (10021,'Manalaysay','Garfield ','2022-11-25','10:00:00','17:00:00'),
    (10022,'Villegas','Lizeth ','2022-11-25','10:00:00','17:00:00'),
    (10023,'Ramos','Carol ','2022-11-25','10:00:00','17:00:00'),
    (10024,'Maceda','Emelia ','2022-11-25','10:00:00','17:00:00'),
    (10025,'Aguilar','Delia ','2022-11-25','10:00:00','17:00:00'),
    (10001,'Crisostomo','Jose','2022-11-28','8:00:00','17:00:00'),
    (10002,'Mata','Christian','2022-11-28','8:00:00','17:00:00'),
    (10003,'San Jose','Brad ','2022-11-28','8:00:00','17:00:00'),
    (10004,'Salcedo','Anthony','2022-11-28','8:00:00','17:00:00'),
    (10005,'Romualdez','Alice','2022-11-28','8:00:00','17:00:00'),
    (10006,'Atienza','Rosie ','2022-11-28','8:00:00','17:00:00'),
    (10007,'Farala','Martha','2022-11-28','8:00:00','17:00:00'),
    (10008,'Martinez','Leila','2022-11-28','8:00:00','17:00:00'),
    (10009,'San Jose','Allison ','2022-11-28','8:00:00','17:00:00'),
    (10010,'Rosario','Cydney ','2022-11-28','8:00:00','17:00:00'),
    (10011,'Lopez','Josie ','2022-11-28','8:00:00','17:00:00'),
    (10012,'De Leon','Selena ','2022-11-28','8:00:00','17:00:00'),
    (10013,'Romualdez','Fredrick ','2022-11-28','8:00:00','17:00:00'),
    (10014,'Bautista','Mark ','2022-11-28','8:00:00','17:00:00'),
    (10015,'Lazaro','Darlene ','2022-11-28','8:00:00','17:00:00'),
    (10016,'Delos Santos','Kolby ','2022-11-28','8:00:00','17:00:00'),
    (10017,'Santos','Vella ','2022-11-28','8:00:00','17:00:00'),
    (10018,'Del Rosario','Tomas','2022-11-28','8:00:00','17:00:00'),
    (10019,'Tolentino','Jacklyn ','2022-11-28','8:00:00','17:00:00'),
    (10020,'Gutierrez','Percival ','2022-11-28','8:00:00','17:00:00'),
    (10021,'Manalaysay','Garfield ','2022-11-28','8:00:00','17:00:00'),
    (10022,'Villegas','Lizeth ','2022-11-28','8:00:00','17:00:00'),
    (10023,'Ramos','Carol ','2022-11-28','8:00:00','17:00:00'),
    (10024,'Maceda','Emelia ','2022-11-28','8:00:00','17:00:00'),
    (10025,'Aguilar','Delia ','2022-11-28','8:00:00','17:00:00'),
    (10001,'Crisostomo','Jose','2022-11-29','8:00:00','17:00:00'),
    (10002,'Mata','Christian','2022-11-29','8:00:00','17:00:00'),
    (10003,'San Jose','Brad ','2022-11-29','8:00:00','17:00:00'),
    (10004,'Salcedo','Anthony','2022-11-29','8:00:00','17:00:00'),
    (10005,'Romualdez','Alice','2022-11-29','8:00:00','17:00:00'),
    (10006,'Atienza','Rosie ','2022-11-29','8:00:00','17:00:00'),
    (10007,'Farala','Martha','2022-11-29','8:27:00','17:00:00'),
    (10008,'Martinez','Leila','2022-11-29','8:01:00','17:00:00'),
    (10009,'San Jose','Allison ','2022-11-29','8:05:00','17:00:00'),
    (10010,'Rosario','Cydney ','2022-11-29','8:00:00','17:00:00'),
    (10011,'Lopez','Josie ','2022-11-29','8:00:00','17:00:00'),
    (10012,'De Leon','Selena ','2022-11-29','8:00:00','17:00:00'),
    (10013,'Romualdez','Fredrick ','2022-11-29','8:00:00','17:00:00'),
    (10014,'Bautista','Mark ','2022-11-29','8:00:00','17:00:00'),
    (10015,'Lazaro','Darlene ','2022-11-29','8:00:00','17:00:00'),
    (10016,'Delos Santos','Kolby ','2022-11-29','8:28:00','17:00:00'),
    (10017,'Santos','Vella ','2022-11-29','8:00:00','17:00:00'),
    (10018,'Del Rosario','Tomas','2022-11-29','8:00:00','17:00:00'),
    (10019,'Tolentino','Jacklyn ','2022-11-29','8:00:00','17:00:00'),
    (10020,'Gutierrez','Percival ','2022-11-29','8:00:00','17:00:00'),
    (10021,'Manalaysay','Garfield ','2022-11-29','8:11:00','17:00:00'),
    (10022,'Villegas','Lizeth ','2022-11-29','8:00:00','17:00:00'),
    (10023,'Ramos','Carol ','2022-11-29','8:00:00','17:00:00'),
    (10024,'Maceda','Emelia ','2022-11-29','8:21:00','17:00:00'),
    (10025,'Aguilar','Delia ','2022-11-29','8:00:00','17:00:00'),
    (10001,'Crisostomo','Jose','2022-11-30','0:00:00','0:00:00'),
    (10002,'Mata','Christian','2022-11-30','0:00:00','0:00:00'),
    (10003,'San Jose','Brad ','2022-11-30','0:00:00','0:00:00'),
    (10004,'Salcedo','Anthony','2022-11-30','0:00:00','0:00:00'),
    (10005,'Romualdez','Alice','2022-11-30','0:00:00','0:00:00'),
    (10006,'Atienza','Rosie ','2022-11-30','0:00:00','0:00:00'),
    (10007,'Farala','Martha','2022-11-30','0:00:00','0:00:00'),
    (10008,'Martinez','Leila','2022-11-30','0:00:00','0:00:00'),
    (10009,'San Jose','Allison ','2022-11-30','0:00:00','0:00:00'),
    (10010,'Rosario','Cydney ','2022-11-30','0:00:00','0:00:00'),
    (10011,'Lopez','Josie ','2022-11-30','0:00:00','0:00:00'),
    (10012,'De Leon','Selena ','2022-11-30','0:00:00','0:00:00'),
    (10013,'Romualdez','Fredrick ','2022-11-30','0:00:00','0:00:00'),
    (10014,'Bautista','Mark ','2022-11-30','0:00:00','0:00:00'),
    (10015,'Lazaro','Darlene ','2022-11-30','0:00:00','0:00:00'),
    (10016,'Delos Santos','Kolby ','2022-11-30','0:00:00','0:00:00'),
    (10017,'Santos','Vella ','2022-11-30','0:00:00','0:00:00'),
    (10018,'Del Rosario','Tomas','2022-11-30','0:00:00','0:00:00'),
    (10019,'Tolentino','Jacklyn ','2022-11-30','0:00:00','0:00:00'),
    (10020,'Gutierrez','Percival ','2022-11-30','0:00:00','0:00:00'),
    (10021,'Manalaysay','Garfield ','2022-11-30','0:00:00','0:00:00'),
    (10022,'Villegas','Lizeth ','2022-11-30','0:00:00','0:00:00'),
    (10023,'Ramos','Carol ','2022-11-30','0:00:00','0:00:00'),
    (10024,'Maceda','Emelia ','2022-11-30','0:00:00','0:00:00'),
    (10025,'Aguilar','Delia ','2022-11-30','0:00:00','0:00:00'),
    (10001,'Crisostomo','Jose','2022-01-12','8:00:00','17:00:00'),
    (10002,'Mata','Christian','2022-01-12','8:00:00','17:00:00'),
    (10003,'San Jose','Brad ','2022-01-12','8:00:00','17:00:00'),
    (10004,'Salcedo','Anthony','2022-01-12','8:00:00','17:00:00'),
    (10005,'Romualdez','Alice','2022-01-12','8:15:00','17:00:00'),
    (10006,'Atienza','Rosie ','2022-01-12','8:00:00','17:00:00'),
    (10007,'Farala','Martha','2022-01-12','8:00:00','17:00:00'),
    (10008,'Martinez','Leila','2022-01-12','8:00:00','17:00:00'),
    (10009,'San Jose','Allison ','2022-01-12','8:00:00','17:00:00'),
    (10010,'Rosario','Cydney ','2022-01-12','8:00:00','17:00:00'),
    (10011,'Lopez','Josie ','2022-01-12','10:30:00','17:00:00'),
    (10012,'De Leon','Selena ','2022-01-12','8:00:00','17:00:00'),
    (10013,'Romualdez','Fredrick ','2022-01-12','8:00:00','17:00:00'),
    (10014,'Bautista','Mark ','2022-01-12','8:00:00','17:00:00'),
    (10015,'Lazaro','Darlene ','2022-01-12','8:00:00','17:00:00'),
    (10016,'Delos Santos','Kolby ','2022-01-12','8:00:00','17:00:00'),
    (10017,'Santos','Vella ','2022-01-12','8:00:00','17:00:00'),
    (10018,'Del Rosario','Tomas','2022-01-12','8:00:00','17:00:00'),
    (10019,'Tolentino','Jacklyn ','2022-01-12','8:00:00','17:00:00'),
    (10020,'Gutierrez','Percival ','2022-01-12','8:00:00','17:00:00'),
    (10021,'Manalaysay','Garfield ','2022-01-12','13:00:00','17:00:00'),
    (10022,'Villegas','Lizeth ','2022-01-12','8:00:00','17:00:00'),
    (10023,'Ramos','Carol ','2022-01-12','8:00:00','17:00:00'),
    (10024,'Maceda','Emelia ','2022-01-12','8:00:00','17:00:00'),
    (10025,'Aguilar','Delia ','2022-01-12','8:00:00','17:00:00'),
    (10001,'Crisostomo','Jose','2022-02-12','8:00:00','17:00:00'),
    (10002,'Mata','Christian','2022-02-12','8:00:00','17:00:00'),
    (10003,'San Jose','Brad ','2022-02-12','11:30:00','17:00:00'),
    (10004,'Salcedo','Anthony','2022-02-12','8:00:00','17:00:00'),
    (10005,'Romualdez','Alice','2022-02-12','8:00:00','17:00:00'),
    (10006,'Atienza','Rosie ','2022-02-12','8:00:00','17:00:00'),
    (10007,'Farala','Martha','2022-02-12','8:00:00','17:00:00'),
    (10008,'Martinez','Leila','2022-02-12','8:10:00','17:00:00'),
    (10009,'San Jose','Allison ','2022-02-12','8:00:00','17:00:00'),
    (10010,'Rosario','Cydney ','2022-02-12','8:00:00','17:00:00'),
    (10011,'Lopez','Josie ','2022-02-12','8:00:00','17:00:00'),
    (10012,'De Leon','Selena ','2022-02-12','8:00:00','17:00:00'),
    (10013,'Romualdez','Fredrick ','2022-02-12','8:00:00','17:00:00'),
    (10014,'Bautista','Mark ','2022-02-12','8:00:00','17:00:00'),
    (10015,'Lazaro','Darlene ','2022-02-12','8:00:00','17:00:00'),
    (10016,'Delos Santos','Kolby ','2022-02-12','8:00:00','17:00:00'),
    (10017,'Santos','Vella ','2022-02-12','8:05:00','17:00:00'),
    (10018,'Del Rosario','Tomas','2022-02-12','8:00:00','17:00:00'),
    (10019,'Tolentino','Jacklyn ','2022-02-12','8:00:00','17:00:00'),
    (10020,'Gutierrez','Percival ','2022-02-12','8:00:00','17:00:00'),
    (10021,'Manalaysay','Garfield ','2022-02-12','8:00:00','17:00:00'),
    (10022,'Villegas','Lizeth ','2022-02-12','8:00:00','17:00:00'),
    (10023,'Ramos','Carol ','2022-02-12','9:00:00','17:00:00'),
    (10024,'Maceda','Emelia ','2022-02-12','8:00:00','17:00:00'),
    (10025,'Aguilar','Delia ','2022-02-12','8:00:00','17:00:00'),
    (10001,'Crisostomo','Jose','2022-05-12','8:00:00','17:00:00'),
    (10002,'Mata','Christian','2022-05-12','8:00:00','17:00:00'),
    (10003,'San Jose','Brad ','2022-05-12','8:00:00','17:00:00'),
    (10004,'Salcedo','Anthony','2022-05-12','8:00:00','17:00:00'),
    (10005,'Romualdez','Alice','2022-05-12','8:00:00','17:00:00'),
    (10006,'Atienza','Rosie ','2022-05-12','8:00:00','17:00:00'),
    (10007,'Farala','Martha','2022-05-12','8:00:00','17:00:00'),
    (10008,'Martinez','Leila','2022-05-12','8:00:00','17:00:00'),
    (10009,'San Jose','Allison ','2022-05-12','8:00:00','17:00:00'),
    (10010,'Rosario','Cydney ','2022-05-12','8:00:00','17:00:00'),
    (10011,'Lopez','Josie ','2022-05-12','8:00:00','17:00:00'),
    (10012,'De Leon','Selena ','2022-05-12','8:00:00','17:00:00'),
    (10013,'Romualdez','Fredrick ','2022-05-12','8:00:00','17:00:00'),
    (10014,'Bautista','Mark ','2022-05-12','8:00:00','17:00:00'),
    (10015,'Lazaro','Darlene ','2022-05-12','8:00:00','17:00:00'),
    (10016,'Delos Santos','Kolby ','2022-05-12','8:00:00','17:00:00'),
    (10017,'Santos','Vella ','2022-05-12','8:00:00','17:00:00'),
    (10018,'Del Rosario','Tomas','2022-05-12','8:00:00','17:00:00'),
    (10019,'Tolentino','Jacklyn ','2022-05-12','8:00:00','17:00:00'),
    (10020,'Gutierrez','Percival ','2022-05-12','8:00:00','17:00:00'),
    (10021,'Manalaysay','Garfield ','2022-05-12','8:00:00','17:00:00'),
    (10022,'Villegas','Lizeth ','2022-05-12','8:00:00','17:00:00'),
    (10023,'Ramos','Carol ','2022-05-12','8:00:00','17:00:00'),
    (10024,'Maceda','Emelia ','2022-05-12','8:00:00','17:00:00'),
    (10025,'Aguilar','Delia ','2022-05-12','8:00:00','17:00:00'),
    (10001,'Crisostomo','Jose','2022-06-12','8:00:00','17:00:00'),
    (10002,'Mata','Christian','2022-06-12','8:00:00','17:00:00'),
    (10003,'San Jose','Brad ','2022-06-12','8:00:00','17:00:00'),
    (10004,'Salcedo','Anthony','2022-06-12','8:00:00','17:00:00'),
    (10005,'Romualdez','Alice','2022-06-12','8:00:00','17:00:00'),
    (10006,'Atienza','Rosie ','2022-06-12','8:00:00','17:00:00'),
    (10007,'Farala','Martha','2022-06-12','8:00:00','17:00:00'),
    (10008,'Martinez','Leila','2022-06-12','8:00:00','17:00:00'),
    (10009,'San Jose','Allison ','2022-06-12','8:00:00','17:00:00'),
    (10010,'Rosario','Cydney ','2022-06-12','8:00:00','17:00:00'),
    (10011,'Lopez','Josie ','2022-06-12','8:00:00','17:00:00'),
    (10012,'De Leon','Selena ','2022-06-12','8:00:00','17:00:00'),
    (10013,'Romualdez','Fredrick ','2022-06-12','10:00:00','17:00:00'),
    (10014,'Bautista','Mark ','2022-06-12','10:00:00','17:00:00'),
    (10015,'Lazaro','Darlene ','2022-06-12','10:00:00','17:00:00'),
    (10016,'Delos Santos','Kolby ','2022-06-12','10:00:00','17:00:00'),
    (10017,'Santos','Vella ','2022-06-12','10:00:00','17:00:00'),
    (10018,'Del Rosario','Tomas','2022-06-12','10:00:00','17:00:00'),
    (10019,'Tolentino','Jacklyn ','2022-06-12','10:00:00','17:00:00'),
    (10020,'Gutierrez','Percival ','2022-06-12','10:00:00','17:00:00'),
    (10021,'Manalaysay','Garfield ','2022-06-12','10:00:00','17:00:00'),
    (10022,'Villegas','Lizeth ','2022-06-12','10:00:00','17:00:00'),
    (10023,'Ramos','Carol ','2022-06-12','10:00:00','17:00:00'),
    (10024,'Maceda','Emelia ','2022-06-12','10:00:00','17:00:00'),
    (10025,'Aguilar','Delia ','2022-06-12','10:00:00','17:00:00'),
    (10001,'Crisostomo','Jose','2022-07-12','8:00:00','17:00:00'),
    (10002,'Mata','Christian','2022-07-12','8:00:00','17:00:00'),
    (10003,'San Jose','Brad ','2022-07-12','8:00:00','17:00:00'),
    (10004,'Salcedo','Anthony','2022-07-12','8:00:00','17:00:00'),
    (10005,'Romualdez','Alice','2022-07-12','8:00:00','17:00:00'),
    (10006,'Atienza','Rosie ','2022-07-12','8:00:00','17:00:00'),
    (10007,'Farala','Martha','2022-07-12','8:00:00','17:00:00'),
    (10008,'Martinez','Leila','2022-07-12','8:00:00','17:00:00'),
    (10009,'San Jose','Allison ','2022-07-12','8:00:00','17:00:00'),
    (10010,'Rosario','Cydney ','2022-07-12','8:00:00','17:00:00'),
    (10011,'Lopez','Josie ','2022-07-12','8:00:00','17:00:00'),
    (10012,'De Leon','Selena ','2022-07-12','8:00:00','17:00:00'),
    (10013,'Romualdez','Fredrick ','2022-07-12','8:00:00','17:00:00'),
    (10014,'Bautista','Mark ','2022-07-12','8:00:00','17:00:00'),
    (10015,'Lazaro','Darlene ','2022-07-12','8:00:00','17:00:00'),
    (10016,'Delos Santos','Kolby ','2022-07-12','8:00:00','17:00:00'),
    (10017,'Santos','Vella ','2022-07-12','8:00:00','17:00:00'),
    (10018,'Del Rosario','Tomas','2022-07-12','8:00:00','17:00:00'),
    (10019,'Tolentino','Jacklyn ','2022-07-12','8:00:00','17:00:00'),
    (10020,'Gutierrez','Percival ','2022-07-12','8:00:00','17:00:00'),
    (10021,'Manalaysay','Garfield ','2022-07-12','8:00:00','17:00:00'),
    (10022,'Villegas','Lizeth ','2022-07-12','8:00:00','17:00:00'),
    (10023,'Ramos','Carol ','2022-07-12','8:00:00','17:00:00'),
    (10024,'Maceda','Emelia ','2022-07-12','8:00:00','17:00:00'),
    (10025,'Aguilar','Delia ','2022-07-12','8:00:00','17:00:00'),
    (10001,'Crisostomo','Jose','2022-08-12','0:00:00','0:00:00'),
    (10002,'Mata','Christian','2022-08-12','0:00:00','0:00:00'),
    (10003,'San Jose','Brad ','2022-08-12','0:00:00','0:00:00'),
    (10004,'Salcedo','Anthony','2022-08-12','0:00:00','0:00:00'),
    (10005,'Romualdez','Alice','2022-08-12','0:00:00','0:00:00'),
    (10006,'Atienza','Rosie ','2022-08-12','0:00:00','0:00:00'),
    (10007,'Farala','Martha','2022-08-12','0:00:00','0:00:00'),
    (10008,'Martinez','Leila','2022-08-12','0:00:00','0:00:00'),
    (10009,'San Jose','Allison ','2022-08-12','0:00:00','0:00:00'),
    (10010,'Rosario','Cydney ','2022-08-12','0:00:00','0:00:00'),
    (10011,'Lopez','Josie ','2022-08-12','0:00:00','0:00:00'),
    (10012,'De Leon','Selena ','2022-08-12','0:00:00','0:00:00'),
    (10013,'Romualdez','Fredrick ','2022-08-12','0:00:00','0:00:00'),
    (10014,'Bautista','Mark ','2022-08-12','0:00:00','0:00:00'),
    (10015,'Lazaro','Darlene ','2022-08-12','0:00:00','0:00:00'),
    (10016,'Delos Santos','Kolby ','2022-08-12','0:00:00','0:00:00'),
    (10017,'Santos','Vella ','2022-08-12','0:00:00','0:00:00'),
    (10018,'Del Rosario','Tomas','2022-08-12','0:00:00','0:00:00'),
    (10019,'Tolentino','Jacklyn ','2022-08-12','0:00:00','0:00:00'),
    (10020,'Gutierrez','Percival ','2022-08-12','0:00:00','0:00:00'),
    (10021,'Manalaysay','Garfield ','2022-08-12','0:00:00','0:00:00'),
    (10022,'Villegas','Lizeth ','2022-08-12','0:00:00','0:00:00'),
    (10023,'Ramos','Carol ','2022-08-12','0:00:00','0:00:00'),
    (10024,'Maceda','Emelia ','2022-08-12','0:00:00','0:00:00'),
    (10025,'Aguilar','Delia ','2022-08-12','0:00:00','0:00:00'),
    (10001,'Crisostomo','Jose','2022-09-12','8:00:00','17:00:00'),
    (10002,'Mata','Christian','2022-09-12','8:00:00','17:00:00'),
    (10003,'San Jose','Brad ','2022-09-12','8:00:00','17:00:00'),
    (10004,'Salcedo','Anthony','2022-09-12','8:00:00','17:00:00'),
    (10005,'Romualdez','Alice','2022-09-12','8:00:00','17:00:00'),
    (10006,'Atienza','Rosie ','2022-09-12','8:00:00','17:00:00'),
    (10007,'Farala','Martha','2022-09-12','8:00:00','17:00:00'),
    (10008,'Martinez','Leila','2022-09-12','8:00:00','17:00:00'),
    (10009,'San Jose','Allison ','2022-09-12','8:00:00','17:00:00'),
    (10010,'Rosario','Cydney ','2022-09-12','8:00:00','17:00:00'),
    (10011,'Lopez','Josie ','2022-09-12','8:00:00','17:00:00'),
    (10012,'De Leon','Selena ','2022-09-12','8:00:00','17:00:00'),
    (10013,'Romualdez','Fredrick ','2022-09-12','8:00:00','17:00:00'),
    (10014,'Bautista','Mark ','2022-09-12','8:00:00','17:00:00'),
    (10015,'Lazaro','Darlene ','2022-09-12','8:00:00','17:00:00'),
    (10016,'Delos Santos','Kolby ','2022-09-12','8:00:00','17:00:00'),
    (10017,'Santos','Vella ','2022-09-12','8:00:00','17:00:00'),
    (10018,'Del Rosario','Tomas','2022-09-12','8:00:00','17:00:00'),
    (10019,'Tolentino','Jacklyn ','2022-09-12','8:00:00','17:00:00'),
    (10020,'Gutierrez','Percival ','2022-09-12','8:00:00','17:00:00'),
    (10021,'Manalaysay','Garfield ','2022-09-12','8:00:00','17:00:00'),
    (10022,'Villegas','Lizeth ','2022-09-12','8:00:00','17:00:00'),
    (10023,'Ramos','Carol ','2022-09-12','8:00:00','17:00:00'),
    (10024,'Maceda','Emelia ','2022-09-12','8:00:00','17:00:00'),
    (10025,'Aguilar','Delia ','2022-09-12','8:00:00','17:00:00'),
    (10001,'Crisostomo','Jose','2022-12-12','8:00:00','17:00:00'),
    (10002,'Mata','Christian','2022-12-12','8:00:00','17:00:00'),
    (10003,'San Jose','Brad ','2022-12-12','8:00:00','17:00:00'),
    (10004,'Salcedo','Anthony','2022-12-12','8:00:00','17:00:00'),
    (10005,'Romualdez','Alice','2022-12-12','8:15:00','17:00:00'),
    (10006,'Atienza','Rosie ','2022-12-12','8:00:00','17:00:00'),
    (10007,'Farala','Martha','2022-12-12','8:00:00','17:00:00'),
    (10008,'Martinez','Leila','2022-12-12','8:00:00','17:00:00'),
    (10009,'San Jose','Allison ','2022-12-12','8:00:00','17:00:00'),
    (10010,'Rosario','Cydney ','2022-12-12','8:00:00','17:00:00'),
    (10011,'Lopez','Josie ','2022-12-12','10:30:00','17:00:00'),
    (10012,'De Leon','Selena ','2022-12-12','8:00:00','17:00:00'),
    (10013,'Romualdez','Fredrick ','2022-12-12','8:00:00','17:00:00'),
    (10014,'Bautista','Mark ','2022-12-12','8:00:00','17:00:00'),
    (10015,'Lazaro','Darlene ','2022-12-12','8:00:00','17:00:00'),
    (10016,'Delos Santos','Kolby ','2022-12-12','8:00:00','17:00:00'),
    (10017,'Santos','Vella ','2022-12-12','8:00:00','17:00:00'),
    (10018,'Del Rosario','Tomas','2022-12-12','8:00:00','17:00:00'),
    (10019,'Tolentino','Jacklyn ','2022-12-12','8:00:00','17:00:00'),
    (10020,'Gutierrez','Percival ','2022-12-12','8:00:00','17:00:00'),
    (10021,'Manalaysay','Garfield ','2022-12-12','13:00:00','17:00:00'),
    (10022,'Villegas','Lizeth ','2022-12-12','8:00:00','17:00:00'),
    (10023,'Ramos','Carol ','2022-12-12','8:00:00','17:00:00'),
    (10024,'Maceda','Emelia ','2022-12-12','8:00:00','17:00:00'),
    (10025,'Aguilar','Delia ','2022-12-12','8:00:00','17:00:00'),
    (10001,'Crisostomo','Jose','2022-12-13','8:00:00','17:00:00'),
    (10002,'Mata','Christian','2022-12-13','8:00:00','17:00:00'),
    (10003,'San Jose','Brad ','2022-12-13','11:30:00','17:00:00'),
    (10004,'Salcedo','Anthony','2022-12-13','8:00:00','17:00:00'),
    (10005,'Romualdez','Alice','2022-12-13','8:00:00','17:00:00'),
    (10006,'Atienza','Rosie ','2022-12-13','8:00:00','17:00:00'),
    (10007,'Farala','Martha','2022-12-13','8:00:00','17:00:00'),
    (10008,'Martinez','Leila','2022-12-13','8:10:00','17:00:00'),
    (10009,'San Jose','Allison ','2022-12-13','8:00:00','17:00:00'),
    (10010,'Rosario','Cydney ','2022-12-13','8:00:00','17:00:00'),
    (10011,'Lopez','Josie ','2022-12-13','8:00:00','17:00:00'),
    (10012,'De Leon','Selena ','2022-12-13','8:00:00','17:00:00'),
    (10013,'Romualdez','Fredrick ','2022-12-13','8:00:00','17:00:00'),
    (10014,'Bautista','Mark ','2022-12-13','8:00:00','17:00:00'),
    (10015,'Lazaro','Darlene ','2022-12-13','8:00:00','17:00:00'),
    (10016,'Delos Santos','Kolby ','2022-12-13','8:00:00','17:00:00'),
    (10017,'Santos','Vella ','2022-12-13','8:05:00','17:00:00'),
    (10018,'Del Rosario','Tomas','2022-12-13','8:00:00','17:00:00'),
    (10019,'Tolentino','Jacklyn ','2022-12-13','8:00:00','17:00:00'),
    (10020,'Gutierrez','Percival ','2022-12-13','8:00:00','17:00:00'),
    (10021,'Manalaysay','Garfield ','2022-12-13','8:00:00','17:00:00'),
    (10022,'Villegas','Lizeth ','2022-12-13','8:00:00','17:00:00'),
    (10023,'Ramos','Carol ','2022-12-13','9:00:00','17:00:00'),
    (10024,'Maceda','Emelia ','2022-12-13','8:00:00','17:00:00'),
    (10025,'Aguilar','Delia ','2022-12-13','8:00:00','17:00:00'),
    (10001,'Crisostomo','Jose','2022-12-14','8:00:00','17:00:00'),
    (10002,'Mata','Christian','2022-12-14','8:00:00','17:00:00'),
    (10003,'San Jose','Brad ','2022-12-14','8:00:00','17:00:00'),
    (10004,'Salcedo','Anthony','2022-12-14','8:00:00','17:00:00'),
    (10005,'Romualdez','Alice','2022-12-14','8:00:00','17:00:00'),
    (10006,'Atienza','Rosie ','2022-12-14','8:00:00','17:00:00'),
    (10007,'Farala','Martha','2022-12-14','8:00:00','17:00:00'),
    (10008,'Martinez','Leila','2022-12-14','8:00:00','17:00:00'),
    (10009,'San Jose','Allison ','2022-12-14','8:00:00','17:00:00'),
    (10010,'Rosario','Cydney ','2022-12-14','8:00:00','17:00:00'),
    (10011,'Lopez','Josie ','2022-12-14','8:00:00','17:00:00'),
    (10012,'De Leon','Selena ','2022-12-14','8:00:00','17:00:00'),
    (10013,'Romualdez','Fredrick ','2022-12-14','8:00:00','17:00:00'),
    (10014,'Bautista','Mark ','2022-12-14','8:00:00','17:00:00'),
    (10015,'Lazaro','Darlene ','2022-12-14','8:00:00','17:00:00'),
    (10016,'Delos Santos','Kolby ','2022-12-14','8:00:00','17:00:00'),
    (10017,'Santos','Vella ','2022-12-14','8:00:00','17:00:00'),
    (10018,'Del Rosario','Tomas','2022-12-14','8:00:00','17:00:00'),
    (10019,'Tolentino','Jacklyn ','2022-12-14','8:00:00','17:00:00'),
    (10020,'Gutierrez','Percival ','2022-12-14','8:00:00','17:00:00'),
    (10021,'Manalaysay','Garfield ','2022-12-14','8:00:00','17:00:00'),
    (10022,'Villegas','Lizeth ','2022-12-14','8:00:00','17:00:00'),
    (10023,'Ramos','Carol ','2022-12-14','8:00:00','17:00:00'),
    (10024,'Maceda','Emelia ','2022-12-14','8:00:00','17:00:00'),
    (10025,'Aguilar','Delia ','2022-12-14','8:00:00','17:00:00'),
    (10001,'Crisostomo','Jose','2022-12-15','8:00:00','17:00:00'),
    (10002,'Mata','Christian','2022-12-15','0:00:00','0:00:00'),
    (10003,'San Jose','Brad ','2022-12-15','0:00:00','0:00:00'),
    (10004,'Salcedo','Anthony','2022-12-15','0:00:00','0:00:00'),
    (10005,'Romualdez','Alice','2022-12-15','0:00:00','0:00:00'),
    (10006,'Atienza','Rosie ','2022-12-15','0:00:00','0:00:00'),
    (10007,'Farala','Martha','2022-12-15','8:00:00','17:00:00'),
    (10008,'Martinez','Leila','2022-12-15','8:00:00','17:00:00'),
    (10009,'San Jose','Allison ','2022-12-15','8:00:00','17:00:00'),
    (10010,'Rosario','Cydney ','2022-12-15','8:00:00','17:00:00'),
    (10011,'Lopez','Josie ','2022-12-15','8:00:00','17:00:00'),
    (10012,'De Leon','Selena ','2022-12-15','8:00:00','17:00:00'),
    (10013,'Romualdez','Fredrick ','2022-12-15','10:00:00','17:00:00'),
    (10014,'Bautista','Mark ','2022-12-15','10:00:00','17:00:00'),
    (10015,'Lazaro','Darlene ','2022-12-15','10:00:00','17:00:00'),
    (10016,'Delos Santos','Kolby ','2022-12-15','10:00:00','17:00:00'),
    (10017,'Santos','Vella ','2022-12-15','10:00:00','17:00:00'),
    (10018,'Del Rosario','Tomas','2022-12-15','10:00:00','17:00:00'),
    (10019,'Tolentino','Jacklyn ','2022-12-15','10:00:00','17:00:00'),
    (10020,'Gutierrez','Percival ','2022-12-15','10:00:00','17:00:00'),
    (10021,'Manalaysay','Garfield ','2022-12-15','10:00:00','17:00:00'),
    (10022,'Villegas','Lizeth ','2022-12-15','10:00:00','17:00:00'),
    (10023,'Ramos','Carol ','2022-12-15','10:00:00','17:00:00'),
    (10024,'Maceda','Emelia ','2022-12-15','10:00:00','17:00:00'),
    (10025,'Aguilar','Delia ','2022-12-15','10:00:00','17:00:00'),
    (10001,'Crisostomo','Jose','2022-12-16','8:00:00','17:00:00'),
    (10002,'Mata','Christian','2022-12-16','0:00:00','0:00:00'),
    (10003,'San Jose','Brad ','2022-12-16','0:00:00','0:00:00'),
    (10004,'Salcedo','Anthony','2022-12-16','0:00:00','0:00:00'),
    (10005,'Romualdez','Alice','2022-12-16','0:00:00','0:00:00'),
    (10006,'Atienza','Rosie ','2022-12-16','0:00:00','0:00:00'),
    (10007,'Farala','Martha','2022-12-16','8:00:00','17:00:00'),
    (10008,'Martinez','Leila','2022-12-16','8:00:00','17:00:00'),
    (10009,'San Jose','Allison ','2022-12-16','8:00:00','17:00:00'),
    (10010,'Rosario','Cydney ','2022-12-16','8:00:00','17:00:00'),
    (10011,'Lopez','Josie ','2022-12-16','8:00:00','17:00:00'),
    (10012,'De Leon','Selena ','2022-12-16','8:00:00','17:00:00'),
    (10013,'Romualdez','Fredrick ','2022-12-16','8:00:00','17:00:00'),
    (10014,'Bautista','Mark ','2022-12-16','8:00:00','17:00:00'),
    (10015,'Lazaro','Darlene ','2022-12-16','8:00:00','17:00:00'),
    (10016,'Delos Santos','Kolby ','2022-12-16','8:00:00','17:00:00'),
    (10017,'Santos','Vella ','2022-12-16','8:00:00','17:00:00'),
    (10018,'Del Rosario','Tomas','2022-12-16','8:00:00','17:00:00'),
    (10019,'Tolentino','Jacklyn ','2022-12-16','8:00:00','17:00:00'),
    (10020,'Gutierrez','Percival ','2022-12-16','8:00:00','17:00:00'),
    (10021,'Manalaysay','Garfield ','2022-12-16','8:00:00','17:00:00'),
    (10022,'Villegas','Lizeth ','2022-12-16','8:00:00','17:00:00'),
    (10023,'Ramos','Carol ','2022-12-16','8:00:00','17:00:00'),
    (10024,'Maceda','Emelia ','2022-12-16','8:00:00','17:00:00'),
    (10025,'Aguilar','Delia ','2022-12-16','8:00:00','17:00:00'),
    (10001,'Crisostomo','Jose','2022-12-19','8:00:00','17:00:00'),
    (10002,'Mata','Christian','2022-12-19','0:00:00','0:00:00'),
    (10003,'San Jose','Brad ','2022-12-19','0:00:00','0:00:00'),
    (10004,'Salcedo','Anthony','2022-12-19','0:00:00','0:00:00'),
    (10005,'Romualdez','Alice','2022-12-19','0:00:00','0:00:00'),
    (10006,'Atienza','Rosie ','2022-12-19','0:00:00','0:00:00'),
    (10007,'Farala','Martha','2022-12-19','8:27:00','17:00:00'),
    (10008,'Martinez','Leila','2022-12-19','8:01:00','17:00:00'),
    (10009,'San Jose','Allison ','2022-12-19','8:05:00','17:00:00'),
    (10010,'Rosario','Cydney ','2022-12-19','8:00:00','17:00:00'),
    (10011,'Lopez','Josie ','2022-12-19','8:00:00','17:00:00'),
    (10012,'De Leon','Selena ','2022-12-19','8:00:00','17:00:00'),
    (10013,'Romualdez','Fredrick ','2022-12-19','8:00:00','17:00:00'),
    (10014,'Bautista','Mark ','2022-12-19','8:00:00','17:00:00'),
    (10015,'Lazaro','Darlene ','2022-12-19','8:00:00','17:00:00'),
    (10016,'Delos Santos','Kolby ','2022-12-19','8:28:00','17:00:00'),
    (10017,'Santos','Vella ','2022-12-19','8:00:00','17:00:00'),
    (10018,'Del Rosario','Tomas','2022-12-19','8:00:00','17:00:00'),
    (10019,'Tolentino','Jacklyn ','2022-12-19','8:00:00','17:00:00'),
    (10020,'Gutierrez','Percival ','2022-12-19','8:00:00','17:00:00'),
    (10021,'Manalaysay','Garfield ','2022-12-19','8:11:00','17:00:00'),
    (10022,'Villegas','Lizeth ','2022-12-19','8:00:00','17:00:00'),
    (10023,'Ramos','Carol ','2022-12-19','8:00:00','17:00:00'),
    (10024,'Maceda','Emelia ','2022-12-19','8:21:00','17:00:00'),
    (10025,'Aguilar','Delia ','2022-12-19','8:00:00','17:00:00'),
    (10001,'Crisostomo','Jose','2022-12-20','8:00:00','17:00:00'),
    (10002,'Mata','Christian','2022-12-20','0:00:00','0:00:00'),
    (10003,'San Jose','Brad ','2022-12-20','0:00:00','0:00:00'),
    (10004,'Salcedo','Anthony','2022-12-20','0:00:00','0:00:00'),
    (10005,'Romualdez','Alice','2022-12-20','0:00:00','0:00:00'),
    (10006,'Atienza','Rosie ','2022-12-20','0:00:00','0:00:00'),
    (10007,'Farala','Martha','2022-12-20','8:00:00','17:00:00'),
    (10008,'Martinez','Leila','2022-12-20','8:00:00','17:00:00'),
    (10009,'San Jose','Allison ','2022-12-20','8:00:00','17:00:00'),
    (10010,'Rosario','Cydney ','2022-12-20','8:00:00','17:00:00'),
    (10011,'Lopez','Josie ','2022-12-20','8:00:00','17:00:00'),
    (10012,'De Leon','Selena ','2022-12-20','8:00:00','17:00:00'),
    (10013,'Romualdez','Fredrick ','2022-12-20','8:00:00','17:00:00'),
    (10014,'Bautista','Mark ','2022-12-20','8:00:00','17:00:00'),
    (10015,'Lazaro','Darlene ','2022-12-20','8:00:00','17:00:00'),
    (10016,'Delos Santos','Kolby ','2022-12-20','8:00:00','17:00:00'),
    (10017,'Santos','Vella ','2022-12-20','8:00:00','17:00:00'),
    (10018,'Del Rosario','Tomas','2022-12-20','8:00:00','17:00:00'),
    (10019,'Tolentino','Jacklyn ','2022-12-20','8:00:00','17:00:00'),
    (10020,'Gutierrez','Percival ','2022-12-20','8:00:00','17:00:00'),
    (10021,'Manalaysay','Garfield ','2022-12-20','8:00:00','17:00:00'),
    (10022,'Villegas','Lizeth ','2022-12-20','8:00:00','17:00:00'),
    (10023,'Ramos','Carol ','2022-12-20','8:00:00','17:00:00'),
    (10024,'Maceda','Emelia ','2022-12-20','8:00:00','17:00:00'),
    (10025,'Aguilar','Delia ','2022-12-20','8:00:00','17:00:00'),
    (10001,'Crisostomo','Jose','2022-12-21','8:00:00','17:00:00'),
    (10002,'Mata','Christian','2022-12-21','0:00:00','0:00:00'),
    (10003,'San Jose','Brad ','2022-12-21','0:00:00','0:00:00'),
    (10004,'Salcedo','Anthony','2022-12-21','0:00:00','0:00:00'),
    (10005,'Romualdez','Alice','2022-12-21','0:00:00','0:00:00'),
    (10006,'Atienza','Rosie ','2022-12-21','0:00:00','0:00:00'),
    (10007,'Farala','Martha','2022-12-21','8:00:00','17:00:00'),
    (10008,'Martinez','Leila','2022-12-21','8:00:00','17:00:00'),
    (10009,'San Jose','Allison ','2022-12-21','8:00:00','17:00:00'),
    (10010,'Rosario','Cydney ','2022-12-21','8:00:00','17:00:00'),
    (10011,'Lopez','Josie ','2022-12-21','10:30:00','17:00:00'),
    (10012,'De Leon','Selena ','2022-12-21','8:00:00','17:00:00'),
    (10013,'Romualdez','Fredrick ','2022-12-21','8:00:00','17:00:00'),
    (10014,'Bautista','Mark ','2022-12-21','8:00:00','17:00:00'),
    (10015,'Lazaro','Darlene ','2022-12-21','8:00:00','17:00:00'),
    (10016,'Delos Santos','Kolby ','2022-12-21','8:00:00','17:00:00'),
    (10017,'Santos','Vella ','2022-12-21','8:00:00','17:00:00'),
    (10018,'Del Rosario','Tomas','2022-12-21','8:00:00','17:00:00'),
    (10019,'Tolentino','Jacklyn ','2022-12-21','8:00:00','17:00:00'),
    (10020,'Gutierrez','Percival ','2022-12-21','8:00:00','17:00:00'),
    (10021,'Manalaysay','Garfield ','2022-12-21','13:00:00','17:00:00'),
    (10022,'Villegas','Lizeth ','2022-12-21','8:00:00','17:00:00'),
    (10023,'Ramos','Carol ','2022-12-21','8:00:00','17:00:00'),
    (10024,'Maceda','Emelia ','2022-12-21','8:00:00','17:00:00'),
    (10025,'Aguilar','Delia ','2022-12-21','8:00:00','17:00:00'),
    (10001,'Crisostomo','Jose','2022-12-22','8:00:00','17:00:00'),
    (10002,'Mata','Christian','2022-12-22','0:00:00','0:00:00'),
    (10003,'San Jose','Brad ','2022-12-22','0:00:00','0:00:00'),
    (10004,'Salcedo','Anthony','2022-12-22','0:00:00','0:00:00'),
    (10005,'Romualdez','Alice','2022-12-22','0:00:00','0:00:00'),
    (10006,'Atienza','Rosie ','2022-12-22','0:00:00','0:00:00'),
    (10007,'Farala','Martha','2022-12-22','8:00:00','17:00:00'),
    (10008,'Martinez','Leila','2022-12-22','8:10:00','17:00:00'),
    (10009,'San Jose','Allison ','2022-12-22','8:00:00','17:00:00'),
    (10010,'Rosario','Cydney ','2022-12-22','8:00:00','17:00:00'),
    (10011,'Lopez','Josie ','2022-12-22','8:00:00','17:00:00'),
    (10012,'De Leon','Selena ','2022-12-22','8:00:00','17:00:00'),
    (10013,'Romualdez','Fredrick ','2022-12-22','8:00:00','17:00:00'),
    (10014,'Bautista','Mark ','2022-12-22','8:00:00','17:00:00'),
    (10015,'Lazaro','Darlene ','2022-12-22','8:00:00','17:00:00'),
    (10016,'Delos Santos','Kolby ','2022-12-22','8:00:00','17:00:00'),
    (10017,'Santos','Vella ','2022-12-22','8:05:00','17:00:00'),
    (10018,'Del Rosario','Tomas','2022-12-22','8:00:00','17:00:00'),
    (10019,'Tolentino','Jacklyn ','2022-12-22','8:00:00','17:00:00'),
    (10020,'Gutierrez','Percival ','2022-12-22','8:00:00','17:00:00'),
    (10021,'Manalaysay','Garfield ','2022-12-22','8:00:00','17:00:00'),
    (10022,'Villegas','Lizeth ','2022-12-22','8:00:00','17:00:00'),
    (10023,'Ramos','Carol ','2022-12-22','9:00:00','17:00:00'),
    (10024,'Maceda','Emelia ','2022-12-22','8:00:00','17:00:00'),
    (10025,'Aguilar','Delia ','2022-12-22','8:00:00','17:00:00'),
    (10001,'Crisostomo','Jose','2022-12-23','8:00:00','17:00:00'),
    (10002,'Mata','Christian','2022-12-23','0:00:00','0:00:00'),
    (10003,'San Jose','Brad ','2022-12-23','0:00:00','0:00:00'),
    (10004,'Salcedo','Anthony','2022-12-23','0:00:00','0:00:00'),
    (10005,'Romualdez','Alice','2022-12-23','0:00:00','0:00:00'),
    (10006,'Atienza','Rosie ','2022-12-23','0:00:00','0:00:00'),
    (10007,'Farala','Martha','2022-12-23','8:00:00','17:00:00'),
    (10008,'Martinez','Leila','2022-12-23','8:00:00','17:00:00'),
    (10009,'San Jose','Allison ','2022-12-23','8:00:00','17:00:00'),
    (10010,'Rosario','Cydney ','2022-12-23','8:00:00','17:00:00'),
    (10011,'Lopez','Josie ','2022-12-23','8:00:00','17:00:00'),
    (10012,'De Leon','Selena ','2022-12-23','8:00:00','17:00:00'),
    (10013,'Romualdez','Fredrick ','2022-12-23','8:00:00','17:00:00'),
    (10014,'Bautista','Mark ','2022-12-23','8:00:00','17:00:00'),
    (10015,'Lazaro','Darlene ','2022-12-23','8:00:00','17:00:00'),
    (10016,'Delos Santos','Kolby ','2022-12-23','8:00:00','17:00:00'),
    (10017,'Santos','Vella ','2022-12-23','8:00:00','17:00:00'),
    (10018,'Del Rosario','Tomas','2022-12-23','8:00:00','17:00:00'),
    (10019,'Tolentino','Jacklyn ','2022-12-23','8:00:00','17:00:00'),
    (10020,'Gutierrez','Percival ','2022-12-23','8:00:00','17:00:00'),
    (10021,'Manalaysay','Garfield ','2022-12-23','8:00:00','17:00:00'),
    (10022,'Villegas','Lizeth ','2022-12-23','8:00:00','17:00:00'),
    (10023,'Ramos','Carol ','2022-12-23','8:00:00','17:00:00'),
    (10024,'Maceda','Emelia ','2022-12-23','8:00:00','17:00:00'),
    (10025,'Aguilar','Delia ','2022-12-23','8:00:00','17:00:00'),
    (10001,'Crisostomo','Jose','2022-12-26','8:00:00','17:00:00'),
    (10002,'Mata','Christian','2022-12-26','0:00:00','0:00:00'),
    (10003,'San Jose','Brad ','2022-12-26','0:00:00','0:00:00'),
    (10004,'Salcedo','Anthony','2022-12-26','0:00:00','0:00:00'),
    (10005,'Romualdez','Alice','2022-12-26','0:00:00','0:00:00'),
    (10006,'Atienza','Rosie ','2022-12-26','0:00:00','0:00:00'),
    (10007,'Farala','Martha','2022-12-26','8:00:00','17:00:00'),
    (10008,'Martinez','Leila','2022-12-26','8:00:00','17:00:00'),
    (10009,'San Jose','Allison ','2022-12-26','8:00:00','17:00:00'),
    (10010,'Rosario','Cydney ','2022-12-26','8:00:00','17:00:00'),
    (10011,'Lopez','Josie ','2022-12-26','8:00:00','17:00:00'),
    (10012,'De Leon','Selena ','2022-12-26','8:00:00','17:00:00'),
    (10013,'Romualdez','Fredrick ','2022-12-26','10:00:00','17:00:00'),
    (10014,'Bautista','Mark ','2022-12-26','10:00:00','17:00:00'),
    (10015,'Lazaro','Darlene ','2022-12-26','10:00:00','17:00:00'),
    (10016,'Delos Santos','Kolby ','2022-12-26','10:00:00','17:00:00'),
    (10017,'Santos','Vella ','2022-12-26','10:00:00','17:00:00'),
    (10018,'Del Rosario','Tomas','2022-12-26','10:00:00','17:00:00'),
    (10019,'Tolentino','Jacklyn ','2022-12-26','10:00:00','17:00:00'),
    (10020,'Gutierrez','Percival ','2022-12-26','10:00:00','17:00:00'),
    (10021,'Manalaysay','Garfield ','2022-12-26','10:00:00','17:00:00'),
    (10022,'Villegas','Lizeth ','2022-12-26','10:00:00','17:00:00'),
    (10023,'Ramos','Carol ','2022-12-26','10:00:00','17:00:00'),
    (10024,'Maceda','Emelia ','2022-12-26','10:00:00','17:00:00'),
    (10025,'Aguilar','Delia ','2022-12-26','10:00:00','17:00:00'),
    (10001,'Crisostomo','Jose','2022-12-27','8:00:00','17:00:00'),
    (10002,'Mata','Christian','2022-12-27','0:00:00','0:00:00'),
    (10003,'San Jose','Brad ','2022-12-27','0:00:00','0:00:00'),
    (10004,'Salcedo','Anthony','2022-12-27','0:00:00','0:00:00'),
    (10005,'Romualdez','Alice','2022-12-27','0:00:00','0:00:00'),
    (10006,'Atienza','Rosie ','2022-12-27','0:00:00','0:00:00'),
    (10007,'Farala','Martha','2022-12-27','8:00:00','17:00:00'),
    (10008,'Martinez','Leila','2022-12-27','8:00:00','17:00:00'),
    (10009,'San Jose','Allison ','2022-12-27','8:00:00','17:00:00'),
    (10010,'Rosario','Cydney ','2022-12-27','8:00:00','17:00:00'),
    (10011,'Lopez','Josie ','2022-12-27','8:00:00','17:00:00'),
    (10012,'De Leon','Selena ','2022-12-27','8:00:00','17:00:00'),
    (10013,'Romualdez','Fredrick ','2022-12-27','8:00:00','17:00:00'),
    (10014,'Bautista','Mark ','2022-12-27','8:00:00','17:00:00'),
    (10015,'Lazaro','Darlene ','2022-12-27','8:00:00','17:00:00'),
    (10016,'Delos Santos','Kolby ','2022-12-27','8:00:00','17:00:00'),
    (10017,'Santos','Vella ','2022-12-27','8:00:00','17:00:00'),
    (10018,'Del Rosario','Tomas','2022-12-27','8:00:00','17:00:00'),
    (10019,'Tolentino','Jacklyn ','2022-12-27','8:00:00','17:00:00'),
    (10020,'Gutierrez','Percival ','2022-12-27','8:00:00','17:00:00'),
    (10021,'Manalaysay','Garfield ','2022-12-27','8:00:00','17:00:00'),
    (10022,'Villegas','Lizeth ','2022-12-27','8:00:00','17:00:00'),
    (10023,'Ramos','Carol ','2022-12-27','8:00:00','17:00:00'),
    (10024,'Maceda','Emelia ','2022-12-27','8:00:00','17:00:00'),
    (10025,'Aguilar','Delia ','2022-12-27','8:00:00','17:00:00'),
    (10001,'Crisostomo','Jose','2022-12-28','8:00:00','17:00:00'),
    (10002,'Mata','Christian','2022-12-28','0:00:00','0:00:00'),
    (10003,'San Jose','Brad ','2022-12-28','0:00:00','0:00:00'),
    (10004,'Salcedo','Anthony','2022-12-28','0:00:00','0:00:00'),
    (10005,'Romualdez','Alice','2022-12-28','0:00:00','0:00:00'),
    (10006,'Atienza','Rosie ','2022-12-28','0:00:00','0:00:00'),
    (10007,'Farala','Martha','2022-12-28','8:27:00','17:00:00'),
    (10008,'Martinez','Leila','2022-12-28','8:01:00','17:00:00'),
    (10009,'San Jose','Allison ','2022-12-28','8:05:00','17:00:00'),
    (10010,'Rosario','Cydney ','2022-12-28','8:00:00','17:00:00'),
    (10011,'Lopez','Josie ','2022-12-28','8:00:00','17:00:00'),
    (10012,'De Leon','Selena ','2022-12-28','8:00:00','17:00:00'),
    (10013,'Romualdez','Fredrick ','2022-12-28','8:00:00','17:00:00'),
    (10014,'Bautista','Mark ','2022-12-28','8:00:00','17:00:00'),
    (10015,'Lazaro','Darlene ','2022-12-28','8:00:00','17:00:00'),
    (10016,'Delos Santos','Kolby ','2022-12-28','8:28:00','17:00:00'),
    (10017,'Santos','Vella ','2022-12-28','8:00:00','17:00:00'),
    (10018,'Del Rosario','Tomas','2022-12-28','8:00:00','17:00:00'),
    (10019,'Tolentino','Jacklyn ','2022-12-28','8:00:00','17:00:00'),
    (10020,'Gutierrez','Percival ','2022-12-28','8:00:00','17:00:00'),
    (10021,'Manalaysay','Garfield ','2022-12-28','8:11:00','17:00:00'),
    (10022,'Villegas','Lizeth ','2022-12-28','8:00:00','17:00:00'),
    (10023,'Ramos','Carol ','2022-12-28','8:00:00','17:00:00'),
    (10024,'Maceda','Emelia ','2022-12-28','8:21:00','17:00:00'),
    (10025,'Aguilar','Delia ','2022-12-28','8:00:00','17:00:00'),
    (10001,'Crisostomo','Jose','2022-12-29','8:00:00','17:00:00'),
    (10002,'Mata','Christian','2022-12-29','0:00:00','0:00:00'),
    (10003,'San Jose','Brad ','2022-12-29','0:00:00','0:00:00'),
    (10004,'Salcedo','Anthony','2022-12-29','0:00:00','0:00:00'),
    (10005,'Romualdez','Alice','2022-12-29','0:00:00','0:00:00'),
    (10006,'Atienza','Rosie ','2022-12-29','0:00:00','0:00:00'),
    (10007,'Farala','Martha','2022-12-29','8:00:00','17:00:00'),
    (10008,'Martinez','Leila','2022-12-29','8:00:00','17:00:00'),
    (10009,'San Jose','Allison ','2022-12-29','8:00:00','17:00:00'),
    (10010,'Rosario','Cydney ','2022-12-29','8:00:00','17:00:00'),
    (10011,'Lopez','Josie ','2022-12-29','8:00:00','17:00:00'),
    (10012,'De Leon','Selena ','2022-12-29','8:00:00','17:00:00'),
    (10013,'Romualdez','Fredrick ','2022-12-29','8:00:00','17:00:00'),
    (10014,'Bautista','Mark ','2022-12-29','8:00:00','17:00:00'),
    (10015,'Lazaro','Darlene ','2022-12-29','8:00:00','17:00:00'),
    (10016,'Delos Santos','Kolby ','2022-12-29','8:00:00','17:00:00'),
    (10017,'Santos','Vella ','2022-12-29','8:00:00','17:00:00'),
    (10018,'Del Rosario','Tomas','2022-12-29','8:00:00','17:00:00'),
    (10019,'Tolentino','Jacklyn ','2022-12-29','8:00:00','17:00:00'),
    (10020,'Gutierrez','Percival ','2022-12-29','8:00:00','17:00:00'),
    (10021,'Manalaysay','Garfield ','2022-12-29','8:00:00','17:00:00'),
    (10022,'Villegas','Lizeth ','2022-12-29','8:00:00','17:00:00'),
    (10023,'Ramos','Carol ','2022-12-29','8:00:00','17:00:00'),
    (10024,'Maceda','Emelia ','2022-12-29','8:00:00','17:00:00'),
    (10025,'Aguilar','Delia ','2022-12-29','8:00:00','17:00:00'),
    (10001,'Crisostomo','Jose','2022-12-30','0:00:00','0:00:00'),
    (10002,'Mata','Christian','2022-12-30','0:00:00','0:00:00'),
    (10003,'San Jose','Brad ','2022-12-30','0:00:00','0:00:00'),
    (10004,'Salcedo','Anthony','2022-12-30','0:00:00','0:00:00'),
    (10005,'Romualdez','Alice','2022-12-30','0:00:00','0:00:00'),
    (10006,'Atienza','Rosie ','2022-12-30','0:00:00','0:00:00'),
    (10007,'Farala','Martha','2022-12-30','0:00:00','0:00:00'),
    (10008,'Martinez','Leila','2022-12-30','0:00:00','0:00:00'),
    (10009,'San Jose','Allison ','2022-12-30','0:00:00','0:00:00'),
    (10010,'Rosario','Cydney ','2022-12-30','0:00:00','0:00:00'),
    (10011,'Lopez','Josie ','2022-12-30','0:00:00','0:00:00'),
    (10012,'De Leon','Selena ','2022-12-30','0:00:00','0:00:00'),
    (10013,'Romualdez','Fredrick ','2022-12-30','0:00:00','0:00:00'),
    (10014,'Bautista','Mark ','2022-12-30','0:00:00','0:00:00'),
    (10015,'Lazaro','Darlene ','2022-12-30','0:00:00','0:00:00'),
    (10016,'Delos Santos','Kolby ','2022-12-30','0:00:00','0:00:00'),
    (10017,'Santos','Vella ','2022-12-30','0:00:00','0:00:00'),
    (10018,'Del Rosario','Tomas','2022-12-30','0:00:00','0:00:00'),
    (10019,'Tolentino','Jacklyn ','2022-12-30','0:00:00','0:00:00'),
    (10020,'Gutierrez','Percival ','2022-12-30','0:00:00','0:00:00'),
    (10021,'Manalaysay','Garfield ','2022-12-30','0:00:00','0:00:00'),
    (10022,'Villegas','Lizeth ','2022-12-30','0:00:00','0:00:00'),
    (10023,'Ramos','Carol ','2022-12-30','0:00:00','0:00:00'),
    (10024,'Maceda','Emelia ','2022-12-30','0:00:00','0:00:00'),
    (10025,'Aguilar','Delia ','2022-12-30','0:00:00','0:00:00');


-- USER SAMPLE
INSERT INTO User (username, password, email, role, first_name, last_name, date_of_birth, address, phone_number, employee_id)
VALUES ('john_doe', 'password123', 'john.doe@email.com', 'Employee', 'John', 'Doe', '1990-05-15', '123 Main St', '555-123-4567', 101),
       ('jane_smith', 'securepass', 'jane.smith@email.com', 'Customer', 'Jane', 'Smith', '1985-12-10', '456 Oak Ave', '555-987-6543', 201),
       ('robert_wilson', 'pass1234', 'robert.w@email.com', 'Employee', 'Robert', 'Wilson', '1988-07-25', '789 Elm Rd', '555-789-1234', 102);








